x,y,positive,negative,anger_emolex,anticipation,disgust,fear,joy,sadness,surprise,trust,affect,posemo,negemo,anx,anger,sad,social,family,friend,female,male,cogproc,insight,cause,discrep,tentat,certain,differ,percept,see,hear,feel,bio,body,health,sexual,ingest,drives,affiliation,achiev,power,reward,risk,focuspast,focuspresent,focusfuture,relativ,motion,space,time,work,leisure,home,money,relig,death,informal,swear,netspeak,assent,nonflu,filler,epoch,author
102.121395714,-22.4559167728,49.5161738992,12.9102516825,38.0367071289,9.91934935154,23.2992125011,42.3519580659,35.0036319421,40.4761421457,46.5320054703,41.4965949352,46.6276424978,43.7344379831,40.023725046,22.1207038606,20.6743161221,22.4053090754,35.8221210341,7.21923481055,18.6103891212,6.43621145235,30.4337486161,37.1690695796,30.548649669,32.9174565387,24.655795021,27.5169498892,30.3383507932,19.5089876489,28.3199623521,16.3408358582,9.77981930501,14.2173323158,15.8233973864,12.2085382241,18.0422000042,21.5066163452,3.03169799075,21.4038692169,21.7250596448,28.6119711042,9.01487071309,27.5137941368,18.1152990725,33.0109930953,27.9404385114,23.4766520968,44.371162982,18.818583108,29.8060644957,26.9752998573,16.2876393483,25.6667488545,6.66753263111,7.92223136765,11.7092987186,10.4351655136,3.94974633658,1.95321847332,1.38387792149,2.0625798212,4.21519915289,0.0,romantic,JohnAddingtonSymonds
142.916851967,1.14735505027,45.1674791148,13.7372852709,41.4461619072,10.5306766577,26.1067635896,42.2326255682,34.823219164,41.5347244777,55.8171210517,46.0473296742,65.0000567212,59.4580565626,59.1195371835,36.5583804143,23.5435547795,40.1970954357,52.8138954172,10.8315563385,23.771047576,21.4045927543,34.4039154086,57.2182768638,40.3213999613,33.3627239195,53.9990302288,43.0204847379,50.6864743109,31.2504594912,25.7284943827,10.6894948621,19.8334589997,7.71517001611,13.0881180223,10.3523383393,15.9199940563,9.10446370329,3.33400355571,24.3817752301,23.7701025007,24.2816794308,9.77875821561,45.5061082025,22.5889646034,46.0640963745,42.3558272194,47.7326495579,42.6408022882,24.525746837,24.6520556793,30.6785879794,11.8240842827,20.208962584,6.84741706422,11.7033516537,6.73681866266,5.3131412177,7.64855096131,3.89895908112,0.543453596551,6.11053059328,9.66169802611,0.307881773399,renaissance,HenryFielding
194.711837804,25.033404413,35.7172945478,10.4730076782,26.0719587809,9.45262035042,16.3494418277,23.9598131196,28.0908617178,35.9211594674,43.3933298041,35.8278881338,54.2797828713,46.1468648872,55.7414611209,44.1278248587,13.5436933566,48.5963932334,56.3621034078,14.5415353236,14.5858289072,59.1851394756,20.9399618691,54.2326073279,38.2704897655,33.5921174448,56.8181296176,45.0686687818,42.8696056348,26.7967578297,64.0462531373,29.9610445823,41.6087939998,30.9692190282,20.5303673406,22.298321003,22.205947908,2.59854626782,4.99788350829,23.374615773,13.3350269506,27.4319700179,10.9549286964,46.7766671955,22.9322827939,72.932501092,40.5483054767,35.6874540183,55.0049808126,36.8173552178,33.7255240763,34.3080931373,14.3579566336,24.0645996425,16.362004629,10.0464647001,1.48941754754,2.51130358991,3.7344045986,1.72469490309,0.0258679373724,3.29014280738,5.46713366457,1.18226600985,romantic,myWalton
184.327817723,34.3515307649,33.9313590029,10.242058117,23.887399824,10.0447906267,16.7845394971,24.2097174296,30.6054289639,33.3874634622,41.3151036364,33.6178240648,51.8316794747,46.2062524449,49.4848886419,37.1849196002,11.6328005577,41.52139753,55.6274066709,26.2655293899,15.1377382929,42.3179769551,18.1418626938,52.1979934364,35.8891488336,34.2476066454,59.1821530688,42.0791864053,37.4389777694,28.8778799498,64.2658659018,26.0673895431,51.8479060525,23.4444161791,19.2242392582,22.0876540728,14.3985225753,2.77951011806,5.63377530021,22.0429449451,18.462693973,23.9681127085,8.64191274444,44.30613017,18.9883370463,70.6672962415,49.8990910873,41.8661011815,48.1843109629,36.0870594481,29.5678224409,28.0276740851,14.3717524666,27.2997975334,12.4324638566,10.3735761888,3.05386946443,3.98967486727,4.35289447635,2.09840410845,0.304498088705,2.6975323527,6.86649833021,0.0,romantic,SophieMay
100.797305627,-53.4008299453,37.5739151168,14.153617195,49.3258230722,8.47651594467,21.8655194155,60.8143730771,14.7311573263,30.0824131211,26.8270248809,44.1102543998,41.0080487348,28.3770894669,53.6421151626,16.8838276836,58.3162883512,17.0938397702,31.3470622797,1.81346189505,14.4886427845,0.651097292764,20.9611856542,43.2862344547,23.5706195962,53.5608164705,43.6060176856,28.4775522622,29.337838321,22.7784516983,13.9279311581,7.48953974896,5.37878487242,9.84991096412,6.87972680969,6.43600761973,7.50811946762,1.7752306402,1.95860142228,34.4273179834,24.3386056375,36.5952419749,18.1564219787,46.7687344651,27.9358319137,60.3061130653,23.742189413,29.2231791232,63.8197738258,38.8990954024,41.6197769783,36.1652563246,19.988092613,14.0387104728,3.76741769402,8.72368106629,0.883103867905,6.77779593615,2.27578548566,1.14860014357,0.0122532334922,1.37861372344,4.33330618229,0.0,romantic,UlyssesSGran
120.684993455,4.50331357634,45.7123933662,12.1194141896,34.6656769423,10.4403136914,19.3561547306,35.0998341373,31.0306820156,38.4705532099,39.8356714311,42.6330080734,54.2617455375,51.7125315296,45.8943558614,33.6022834275,15.9136387572,26.4831365039,37.7676067372,5.23842635515,18.9927298753,17.7308375922,19.5340359965,60.5705635355,47.0025689898,46.1361665858,49.6718090061,38.6552363568,47.0616277546,34.6489854433,25.2158778535,12.0915692781,12.4497003849,11.3041634868,12.8019370273,9.81186963777,16.5393024687,5.31730500419,3.41721695451,23.6936280618,19.0618096669,36.0362011841,8.56454585987,44.0821830874,26.1002271437,55.0280095945,32.5151677293,32.4431269024,42.3003618636,23.7669806335,23.4751440426,32.4870186501,20.9345093715,17.2312971296,5.46911655882,11.1536521254,3.72187358324,3.9163988306,3.9861083894,1.31610433118,0.0500340367597,3.42737722048,6.07233037387,0.0,renaissance,JeanJacquesRoussea
151.6383266,-3.6508866072,37.8123951324,11.7196657404,34.5897738189,10.0349094724,19.8670400178,37.356136286,31.8570672857,38.7475303129,50.5109074466,35.684661236,52.0746479033,45.8116377528,51.0799170692,28.0558498117,21.5206757019,34.1582216193,40.5141989816,7.51301841894,22.8297924436,10.6630696772,25.8298160206,45.3471729517,25.8513807169,25.9000867022,41.7650793043,38.5551124922,43.9799420788,26.3382682694,49.8627420222,25.0525016432,27.5806248925,25.1053591113,21.0288367546,23.9482272331,17.7142371946,7.36126642438,5.7912504233,24.7228932216,25.4495449324,21.4172233991,10.3476949729,41.4619581505,18.4589721749,56.0124357236,37.7365470479,36.3964383087,55.9862433353,33.1637212845,33.9840190397,36.7365360686,10.9056106824,29.525724794,12.1132681498,9.61266140952,3.04508975797,7.50621924425,5.47444858145,6.49078726968,0.282646925346,3.70225240915,6.60007873802,0.266830870279,romantic,GordonStables
129.384851042,-5.16145314273,43.82414994,11.9314814438,33.6802661141,9.89764503978,19.0958653778,39.1678781203,27.4098940995,36.4680829077,47.8860869147,45.3844508863,47.7331897772,43.6860883587,43.1737543865,34.7329224448,16.1031618253,27.4932536344,42.5431577823,7.69305328456,20.2334110685,11.0346355279,29.7658407159,46.376767501,35.4831986058,33.217507705,37.780360741,34.3968170558,37.5964948206,25.3096803946,35.3857687669,18.1035575784,19.2713275058,15.8789112185,13.5907617618,18.011059069,9.83367393607,4.63821892393,2.90363420867,24.4859592648,22.577257063,24.6252240508,10.5371859579,42.1160678657,24.6489597852,46.5554573252,38.4281294082,37.730400469,48.0636062112,26.4054326723,30.2118857772,29.9592272991,11.6054926331,20.1969145938,8.02126407908,6.60015979029,5.35033698555,4.58928226537,3.87650758021,1.67721725511,0.19277182994,1.46417149552,7.5692166431,0.0,enlightment,JFenimoreCoope
114.563832726,17.0575688222,52.903167984,11.9707436651,36.8468237467,9.07545879056,17.5208579764,36.0706466705,28.3423023153,35.244587563,39.9978036336,54.3372520233,48.2316208004,47.5894480013,38.5017885874,23.1957717274,18.3148200237,18.6891769835,50.406080456,6.6127880507,19.1027715597,10.2861286534,30.7112429933,54.1846544536,31.2736159281,43.6180999736,43.310248326,53.5831954749,39.7831794015,35.1379881557,37.794803674,15.1651895943,30.1825553699,13.2551405359,13.4409286303,16.8038260735,12.3491784332,3.68726913674,2.56068477063,26.9825924942,18.7284616064,39.5796858261,11.4974434473,47.3209312688,20.1219991059,39.6724841381,47.1289707054,41.269155796,39.5493978347,26.7385079993,26.656752723,20.3271856846,29.4585063376,28.8282593271,5.51125234539,18.4893351509,7.90278633087,5.43997941535,6.45302512915,4.51917642926,0.42502498443,6.04400572118,6.79423034597,0.0,renaissance,MigueldeCervantesSaavedra
152.933221512,-2.02688611527,39.90322897,12.9991129756,38.0248718031,9.07841511145,21.6821166888,38.8997620347,30.0364939541,37.4348301738,50.5706514168,37.9879471942,48.9391348946,43.3400010159,46.6752687301,35.4862040341,22.1061092075,25.5791489576,57.4853629373,13.1300402406,21.0144668939,36.6575923044,36.1860170409,41.2536105931,33.9316738852,26.7995353194,45.8703461559,30.1716795792,27.1310404439,23.4267986906,46.1456308619,19.7339101131,29.6201882141,21.6665550929,17.5649466698,22.0419753144,13.7634891534,7.31709410512,3.78501122854,21.1740000679,23.4563279277,19.5218676478,8.71668534028,33.3797235699,19.6727088875,46.7051468361,40.4124581817,36.3991241357,40.2859260468,26.3197161046,25.1748653385,24.4158848665,10.6803226368,22.9092657057,7.58133229252,8.60314301672,5.93472574036,5.03727723733,3.47327509446,3.49539048626,0.627590077986,1.71350528882,4.39625372791,0.358655258836,romantic,GeorgeMeredi
163.069099627,-10.8295763668,43.748942679,13.6061399783,39.8984462871,10.8817110688,22.3858084863,41.0389306685,36.0698657057,45.9225583725,52.0064243209,41.320942421,54.3770057001,47.6214793723,53.1463690868,35.3491295691,21.9832685694,36.0145016709,55.9955863407,16.812261097,25.130741068,34.3648005417,37.2122469518,45.3683826752,33.0879663512,32.9259373162,49.338094252,32.830932579,33.6980443495,26.0650985061,42.9970824496,20.6494858383,21.6807704647,24.1441063159,19.9888146505,25.5334366305,18.3678738389,7.12652118117,3.27998839245,24.5434220539,23.3719316605,25.8680068162,10.8901878902,37.4375178009,22.7727348919,57.8094570156,30.3126004886,37.533507032,49.4601573866,29.2953779119,27.6917614487,37.0000027697,11.983050172,28.7306286107,11.1996519449,9.97921004572,8.59159274239,8.01339038127,3.19093343785,1.92237002569,0.137930893075,2.81804333321,4.30798701853,0.0,romantic,GeorgEbers
148.714751039,-17.4789826248,36.5213339072,12.8710203989,37.2517389679,9.49987130392,19.8750514125,42.5109779638,26.1900909192,39.7074144896,53.8120609561,34.1191551596,46.8454454394,38.1170322906,51.0793827213,34.7495318352,20.8286038062,30.488421551,44.326978175,6.39270215031,25.3078809134,9.9099200002,32.1537042329,41.4601341769,30.5330816797,30.5150568138,34.8644076618,34.7590659444,29.9724695198,23.7243696813,46.4045900629,20.3599201762,29.8446389214,24.5368562764,17.9517316967,23.0478691606,13.3874082602,5.19234937318,4.38967513517,25.3773124079,21.1487292162,27.2583134533,11.4553759349,39.671852355,22.6643601376,56.3223913415,33.3665587808,32.8879861786,54.5912573003,35.4409350058,34.720166843,31.5850766679,12.868335749,24.4199697059,7.33582455118,10.0699968705,3.40102860639,5.97335125504,5.4674822257,4.76076207683,0.406452451794,3.26191007322,7.52919728404,0.326562240549,romantic,RMBallantyne
169.348479369,26.9766733261,35.4518600405,10.4194229298,27.382284993,10.0722273203,16.5059526017,28.578507374,33.3830033721,35.0713410493,55.6553491506,33.8687449508,54.5108030636,50.501007545,48.7278634246,37.4863572162,16.9391596181,31.7050169747,65.6148114518,12.3516595587,31.7072293737,34.1420086851,35.34872085,53.8839385137,42.2849946385,39.5093642415,56.6475728459,35.0096207413,42.7487900566,28.3288386735,44.0273680694,20.9855370907,30.3309294381,15.001271941,16.122104281,18.5483059005,11.3571234217,4.8123109767,4.73651602377,22.7368003379,26.0149654181,24.1547172886,7.23927905757,43.8997302872,22.4888364049,56.8309308688,61.7228264947,49.6402113488,46.6174468396,37.6946749977,25.444301513,31.1197614742,8.48959272994,29.8750931618,13.6924008399,10.8803431388,2.17527586828,2.97879926904,4.12873591886,2.34859361744,0.168172535429,1.97238846141,7.3600302117,0.660546350201,enlightment,CharlesPauldeKock
174.461446508,-7.03419199821,35.4061669176,14.0765405452,37.8071270426,9.72874067549,21.0381983154,44.4484414346,25.9572861311,43.1903501901,55.2735652228,35.1775263163,49.7101714748,38.7364512948,56.3371144209,61.2423147224,16.9916707017,35.6133005389,49.5329370291,11.3875830325,19.1613542242,28.6711770197,31.5127713016,54.3854834607,44.2898067489,35.8177022958,52.7815245074,41.203825613,38.0768203452,31.5650380134,52.0768301943,29.5708963141,24.9055167922,21.7166714053,16.7759185786,23.9877938506,12.7221849703,6.02624611488,2.30112447959,20.6031025358,17.312320351,25.4270145405,7.90745157539,36.4224318952,28.1854394228,63.8466615007,38.9166082968,39.3697860847,52.857008729,34.9730650443,32.0024437355,33.6525787011,12.113020732,17.3500948182,18.3486289514,8.00364220775,2.48549728894,7.58582236621,2.80822891571,1.41463620624,0.127737956994,2.08248816768,4.48183834909,0.0,romantic,nnaKatharineGreen
105.69161644,-24.6084397277,43.0754761584,14.6108155696,45.6335691206,9.22779095545,25.473084198,50.488384256,25.6665949996,44.0340270318,47.6839597671,42.3251169462,45.3119293795,36.7111683421,48.5539724243,33.8670686658,28.2160011768,22.3403471728,32.9789840007,5.70540158895,10.9338734494,8.62121217653,23.8897174866,51.2844025361,34.5457945276,36.0093462064,37.8888041484,45.0795173795,43.2720842031,28.8742322962,21.7875168933,11.2142030047,11.7379505292,9.20493904467,10.9903890676,11.1300430399,10.7965650856,4.02679512268,2.8722420485,21.69992415,18.5488475473,26.7140672591,10.143743515,28.9430755399,20.5346612501,38.8994997003,28.7124748251,28.5514546042,46.6974687545,19.1516797107,30.979283788,29.7612621754,14.0512820513,22.5506047919,6.42606177536,7.2844395336,8.84351993421,8.91338873035,2.98492088615,2.3082445193,0.280934178143,2.32189266672,3.75185619138,0.0,enlightment,ThomasdeQuincey
137.518493261,-22.3525693026,41.1509663275,11.658403739,36.4928554275,9.14200725625,17.8084319252,38.0595491321,22.7697605287,35.0253227509,38.0895563129,36.1188251438,46.7870467269,39.4920648921,48.8968387979,31.5672448799,22.8228672986,28.2953139962,53.5858732374,9.81437163916,15.3534297661,23.4758943687,47.7652823243,46.5986482778,28.8703178089,37.6544383459,40.0644307698,27.8622631362,44.4848537667,25.5729970776,26.5460430486,12.2016724378,18.4422000873,10.3555075045,10.1882041982,9.09327515174,12.2299480991,2.22646421582,2.81096554351,27.7804937278,15.2500800786,31.4645032182,15.0156922734,44.4103998096,25.917003833,69.5671540566,20.2710806497,25.3280932185,48.3230438991,32.3293096615,27.3054268206,32.9528785208,14.0815417126,14.0656783579,8.94295262387,9.93099992035,4.0283709943,7.30528544969,3.52049856294,1.54679648241,0.00702008168822,2.08289794497,6.47348700823,0.0,renaissance,DucdeSaintSimon
135.2593037,-21.3827509587,43.2885982242,14.8607345584,44.026488641,9.29722796809,26.3236392729,48.5222259603,27.5875472886,43.8554812555,50.344451902,42.8430242327,48.9043899759,41.5425470901,49.6867194704,39.699354318,21.6021392343,26.9819262688,47.2276838174,9.23998702021,21.9328656991,14.5789680091,33.6916881217,41.2121562725,31.784342974,28.4619223962,37.5157223246,35.2795567573,26.2190154406,23.9687834772,37.3983970829,14.7310908204,30.0373314134,14.3849256823,13.4212800146,15.9268974945,12.2038782398,5.20937337753,2.91089418751,22.2639771002,17.6181692523,24.5699387788,10.4934020083,35.6390192123,25.4872434493,44.5756316528,30.6747161759,36.1121243408,41.7649319262,23.0611186235,26.3560219301,26.751856694,10.6029033444,21.5242248659,9.45430744212,8.27517343661,7.70879422422,8.5200079378,3.96061373795,3.78390677879,0.287671399397,1.90737423496,6.09036642269,0.0,enlightment,SirWalterSc
171.806475564,34.2671531559,37.1141561357,10.5929552608,29.7581815998,12.1216311426,20.1467056707,26.8972917537,33.3506294708,31.358091101,66.4079043144,41.0649040556,47.7716554359,46.2013218083,38.5203372804,34.9758342161,11.8779620853,22.9726899138,62.2138844007,15.6832352123,19.7444626512,10.1648411418,47.9440957109,54.0498328336,50.7959034281,32.1675373628,65.5178147609,41.8519655353,27.7393051236,26.6485512241,52.432897656,19.2603881114,47.464805151,18.7399834648,11.5325715774,12.0873111682,12.4052728778,3.78066466312,2.98742803928,23.1618610328,17.2196695237,28.1747749307,7.71077888243,63.3083121794,26.131947402,66.7210885234,64.2290701207,66.5235372398,44.5923162476,33.5853713979,26.2538800471,28.4682919353,15.5298603455,23.6620076435,11.7598956119,24.9033368292,1.20767615548,2.84564471319,4.28404043373,4.14685032304,0.0526506126617,2.11838209683,7.01387757596,1.51631773399,romantic,HoratioAlge
176.244273007,-0.52606704598,43.5524073191,14.1977483351,35.3175122988,11.3662103523,25.7080690823,40.3593902331,38.3467952058,48.4001163798,57.1642844539,41.8142315735,61.7449702497,54.031322741,60.1444164209,40.6573681732,20.2655137053,46.1272475795,54.0206619663,19.1513690587,26.4050551852,38.4581203884,30.5647485321,48.8107588921,40.0428625361,27.7050360769,53.14186732,37.7729004593,40.8669717664,24.5284700779,46.1089697622,24.610846599,22.7647922537,21.4445009752,17.6758566137,17.0066746408,21.1366193297,5.81376386171,3.80545208263,21.940295964,21.4402742187,21.6952501222,9.00488888001,37.3508205969,23.8654646981,61.6058770337,43.4326830935,38.9503180855,50.6367516046,30.6409120582,30.1817271121,34.2454031608,9.05818939116,25.3046086832,16.638326012,10.485976511,5.35008391197,7.00686386664,3.16562152982,1.15607800909,0.13869979578,1.63531870428,5.99155602617,0.12315270936,romantic,MEBraddon
162.232613706,12.9999854582,30.7408952825,9.45214169376,22.3168282246,8.62064235186,13.9119657803,25.1304111115,26.3033540196,32.8109775901,39.1725119111,29.5322210606,42.2663512969,36.6803328548,42.1742971544,24.5909839924,12.6437737313,38.6703372699,52.062328633,11.201248532,15.2540776736,37.5686302432,28.2614082841,43.8111604932,31.7102197914,25.5356434334,43.4278860263,28.3043229461,36.3771794964,25.2349838259,52.5012698697,27.7000272528,29.5788854055,21.8527940304,17.0887032464,21.0140433261,14.3597826318,3.31632653061,3.88922987922,20.5772618538,19.9377411564,19.986353267,8.89242689417,32.8199093906,17.4853303047,63.8968396288,38.9589964964,35.5905858254,55.1108042125,36.4461904318,33.1492817927,35.5374260619,9.32647311037,25.5162423719,12.8371357045,7.66888812185,3.86929617345,5.01942946378,2.82132514643,1.31759990428,0.262083049693,1.67769650528,4.54779940811,0.0,romantic,ConstanceFenimoreWoolson
162.360666738,-13.7983089762,36.0385345816,13.392601537,36.1269298475,9.34919326246,22.1683906016,41.0541109487,29.7082062777,43.8462590383,49.8105374606,33.9237075962,46.6051032937,38.6957807912,49.3786940313,34.2068093963,21.4281025587,33.0056108993,47.5874822191,11.6744903237,14.7498081853,27.6802748791,36.0437047149,42.6882187866,29.2354529317,28.3931625121,46.6483457812,32.6150407964,34.8415821276,23.2368885381,50.9387207262,26.4636125012,24.504314081,27.5748771573,20.4855159584,26.820584443,16.8050355782,6.0893427306,3.99994653074,20.1950304338,13.5382028899,21.2460228296,10.1711376523,33.2487175419,22.0501210437,60.4993326824,32.0616035814,31.5042377225,53.367023327,34.0719898693,31.9714585729,34.8028469185,8.58662643378,26.3336328864,9.94881280002,8.79838791945,6.29358597764,9.69600009174,3.58320355071,3.02263195678,0.462541650245,2.65706062439,4.22570231884,0.596318382162,romantic,FloraAnnieSteel
133.970218127,-29.486829646,48.1922587824,14.8836412965,43.7870055017,10.3841468634,26.2029447762,45.8882516048,33.0958358994,43.3963949334,52.5403652726,46.6170064471,58.2682457842,53.4633446069,52.3186423289,37.0144774011,24.8108422715,30.4077561443,52.3022326674,8.73586130168,18.6766866312,17.5704498347,49.9052723719,44.2035581853,33.6366398718,31.8476392012,41.8294223481,27.7380590204,36.0409739354,22.7227613586,22.9481893152,10.5788005579,11.7099884916,11.0704655304,15.2016129032,14.7685287733,16.3236324269,8.18143695834,3.67888587877,23.8689825732,18.3352478572,28.1065667264,10.3636049057,46.4789253795,26.3891254969,48.6499068901,22.6693389682,28.4524170165,44.6203262432,23.599738879,28.6444673459,27.266308334,11.6607129732,20.1725944647,10.1105285532,10.1773623981,5.8853706841,5.55973198235,3.81964857273,2.71715721464,0.263784887679,1.52838732149,6.73047161359,0.0,enlightment,TobiasSmolle
195.383073135,12.6579042182,34.4866564227,11.3631594428,27.8260996128,10.7481667314,19.3707426226,31.3822311695,34.4282849337,42.4889033236,49.3532733369,33.0125747808,52.9494444161,46.2947192551,51.9323444335,37.3234463277,13.705274244,41.906585807,66.3810810811,21.9469682922,19.8643914567,62.0248624758,38.3917087345,49.8254374105,41.5065882158,31.2909814986,60.3521800712,32.3877613108,35.6444635132,26.8933980297,54.8077267838,26.3689703266,31.1028215405,27.7123717459,20.7246488656,27.0193003441,19.9707062345,3.40788370143,3.08344621289,18.1989523889,17.1996406586,20.8285807398,7.02565774734,34.2482415781,19.4818285065,71.1661340629,36.1251628623,40.3375600467,52.6344725055,33.6926855047,27.5406517862,41.8949304316,9.08322920495,22.5700137665,14.6423566829,8.27443379444,3.61465715399,6.59366998965,2.78137043569,1.82100981096,0.172906739279,1.41274817137,4.85732127827,0.935960591133,romantic,MaryJHolmes
154.671401114,1.30025512559,37.2884709638,10.9978977071,31.764420138,10.5200040825,16.2120313022,36.6926064497,25.5514531716,33.5057039623,45.890682901,36.0699544781,49.3349796655,43.1172291297,48.6809622537,37.1788930084,19.3060405754,28.9005146824,52.6508519389,8.72601056925,27.7891569669,12.6481384788,34.6964668993,49.0070414051,31.975463385,32.7577370718,54.011072618,40.0396312313,33.4475222568,26.7038624835,42.3417051363,21.5944067715,24.0775923648,22.0153904859,14.1472690616,14.918818943,12.8721422658,3.3495247414,4.29198061293,31.7844430385,35.5923334364,31.3986882842,11.9376900707,48.7707573114,28.7070556502,64.4182357404,37.8742620185,49.4622841563,54.149604082,39.1145201902,32.241841873,33.8885072634,12.7948364572,25.9623682426,6.36956213688,9.46751453682,4.13231644754,5.08321076429,4.19932719315,3.35045764537,0.101684819605,2.71203413445,6.41952431376,0.0,enlightment,WilliamHGKingston
161.470265942,17.929351729,47.5729121723,11.750441672,33.1957907606,11.5992354313,18.9408766511,33.8880779645,41.3179551038,37.0921101471,58.8777130757,46.5483658179,61.2763236899,62.9023994327,44.0895017435,32.3002421307,19.5684709404,24.1702384752,57.0601477254,14.8589441339,27.6349224287,34.7939792996,25.4591377902,55.3348492179,42.1530186617,37.2694465962,65.5128759003,33.8150599455,42.9711977036,30.2242579873,35.5156097936,14.8406056983,25.7293656778,15.597703238,14.0742619011,11.5857123871,11.6664695554,7.66304564879,5.29703449277,26.2735340489,26.834376854,25.128203636,9.22319473796,53.9478555186,26.4565587734,70.1168225067,43.2406146639,45.9414895919,44.5521392428,32.6481461744,24.7952754448,30.8655814514,12.9369454507,24.6103856077,11.8255430272,14.2147465682,5.55802879027,5.25311481023,3.59849015052,1.58881140396,0.160750753671,2.03682141613,6.36847065942,0.0,enlightment,JacquesCasanovadeSeingal
107.783239206,14.0071300243,43.5371116988,8.83895122118,21.0438151491,8.6142303265,20.9838398074,20.024862136,28.8999091297,23.1486019664,35.4877520574,52.9922064345,43.5581502915,44.8305975151,31.2854272646,15.8500256805,10.2470955502,17.3111743029,41.0524730264,19.9049272626,12.4720821048,13.8229688541,31.8459678624,39.1149321355,24.3731087288,29.1271396681,26.9363465842,28.3290333032,31.6382748433,23.9683402173,21.7690847159,12.6902410339,12.2724927757,7.267547004,17.8722866885,8.06651550727,11.564206029,3.7382773782,11.9574469723,31.2606597406,30.2394225903,15.0426622424,14.2572155042,58.6229741489,17.7394042641,43.3390599561,35.3231536345,37.7969682544,48.2338182765,32.0909599586,26.6362564845,34.9853459111,14.4686111389,44.0447624865,25.5983098664,18.3576357795,10.9404575715,4.83818409623,4.8300761881,4.16367552046,0.0803886379107,2.59966435515,7.23259309722,0.0,renaissance,SamuelPepysTranslatorMynorsBrightEditorWheatley
153.893470644,-6.14879160696,40.47240578,13.064601705,36.21424205,9.45354219756,22.6498217134,36.1947810233,30.4127217233,39.7415672992,50.7425508584,38.6312013044,49.3306496114,41.9626129242,49.9929771421,36.5680488297,22.2451864258,30.9892389768,47.1525935874,7.038224153,21.3179858903,15.8879719353,37.2033766203,46.2608551807,35.8869328787,33.2842090678,38.9260148419,40.3357692332,34.3681524954,25.551940891,49.8498565794,20.8346215416,33.7938580329,23.1427844605,17.777903336,21.9165121416,16.1120259095,7.88969208035,3.48964128489,21.631697099,16.258094649,29.0366977816,8.89561949632,40.4010184115,19.2625943052,60.8220928209,38.83780797,32.7971115741,51.6151254987,30.7045269847,32.0859292145,32.7353649973,18.5446527012,25.809036553,11.2151393078,12.455763709,3.90932053463,6.03545552884,4.29765870683,4.74182135166,0.383399786055,3.19301388267,4.70333608723,0.809289232935,romantic,DavidChristieMurray
127.994690235,-20.0393785434,46.6082498808,10.5526468553,32.1881528654,9.20180702296,14.9024731898,35.1811974253,28.0451830608,31.9086179329,42.7327238669,46.7562527645,47.3089947132,41.5055953074,46.0571702909,28.4210669274,20.4242377727,27.7087578875,47.0555681099,9.22313825614,19.1286281805,15.2405086093,38.5309930905,40.7620688838,28.4995314622,36.8300218055,32.9749204208,27.1344490617,35.2099989824,20.8053679889,26.7236326778,12.7001875631,16.6313071032,11.6727002329,12.3535208425,13.5687973038,11.4627778132,3.36713188964,3.2381509026,24.1994092256,16.7871174068,30.1866985874,11.4215717138,41.903733265,20.7639889923,61.0313973908,21.0271083266,28.0767399822,51.5732009644,29.6424292857,28.5129053252,38.6217439962,13.0557204648,15.7840957046,10.7590935351,9.14272117708,3.24145538777,7.60808075729,3.03441414552,0.986387983874,0.0,1.18854325751,6.57765302222,0.0,enlightment,Constan
71.970090382,-21.9692050481,41.2740626617,13.2595025515,41.5308034905,8.30153720539,19.4457361798,45.7141104044,19.3324393168,32.9921053289,33.2201612575,44.8518570644,35.7313301159,29.7065060539,37.741730761,23.0959365493,22.3676215694,16.9725502713,31.6724215855,4.65453793379,13.2009701227,2.73656818965,19.737197704,37.0011522861,22.4998034479,35.0496305264,23.5940035159,29.6419126964,37.5355132193,22.2595941773,13.8418098574,6.27134131679,8.16088550523,7.47079427822,10.7334940102,9.97720217142,11.1987420336,4.13862067483,3.12850035167,25.8112579445,16.1608471938,28.7461927025,14.4189370218,30.8444900068,24.1028917136,15.659081705,36.5163299432,21.5931902088,43.6934814922,16.5723929153,30.0862855078,25.6298540593,23.9664150623,16.4932029076,7.07026665649,14.6183052537,8.24552097309,5.89546641189,2.24478310898,1.41504224419,0.0712153741426,1.33590547384,4.03443587446,0.0,romantic,HippolyteATaine
186.209364252,-4.42925981401,28.1084043854,12.4113128242,38.878957399,8.42621939043,22.4166200991,37.80159232,21.2256232257,36.3983722752,45.1342580441,28.3704961336,49.1440131109,36.2452540811,60.539836847,39.4346721739,23.3293716589,45.9956628678,52.5352378319,8.15903591178,23.5427067199,12.597742377,40.0046431753,42.351406768,31.6231572599,28.4075698789,49.2805367754,33.9389482596,32.5122261712,22.2978670957,68.9280893426,26.3221058153,50.9732112219,36.3958964405,19.2220081427,24.780962755,16.1846181509,6.53733117513,4.01987581351,25.9343928519,20.0005309184,21.6510133465,12.1274965837,48.0480372381,21.7829465687,64.7241971484,45.3006083858,46.7945796919,54.4565430288,42.2045559807,32.6124649073,32.8579257076,9.24446338624,25.9462522604,8.16147346001,7.92006152752,1.97829591165,4.07304611663,4.25624296358,6.45574812839,0.219665810504,1.54971915621,6.20864457211,2.36163430889,romantic,GeorgeManvilleFenn
111.978977696,-16.8007008083,36.0536546919,14.0228453555,42.9015478997,8.26472980002,25.8785187108,39.5971816007,24.9817909423,38.449222556,39.7308430387,32.3704859296,44.1843424031,36.2142327064,47.9024173898,31.731108757,29.6681425127,22.6036346952,40.8027688014,5.44803448915,21.5335066109,12.5037578519,22.1697872825,41.9562656457,26.4012043866,35.1794295287,35.9494028251,35.4111434656,31.5340198077,25.171688906,25.4113537558,11.7864185062,12.1912079844,14.5996565759,18.5480253511,20.9060603376,12.5589059415,15.7045009785,4.78393265323,23.9731712071,26.29451268,26.4525114062,9.37527034131,35.6440716061,18.3502803805,38.3393538635,32.4383655128,31.5672739862,40.9534930778,25.6966625478,25.5287817732,25.2104566005,16.2045203969,29.8060623806,8.8151244627,12.9382616892,5.92280297789,7.35754752955,4.13625155138,5.97631012204,0.572030292716,1.97492163009,4.71460861774,0.0,medieval,PetroniusArbite
154.605550762,-25.1075604882,38.0132215022,14.0587220414,44.9084847457,9.65441190996,22.8057621446,49.7485247755,28.3889224836,44.7044017347,49.8676548438,37.6173600648,47.2476049484,37.6860464617,53.031952746,34.8838899967,28.3235269663,30.6955370722,52.3059722126,11.6373621579,22.1414184388,18.7526816869,37.1706134161,40.417287114,26.8052393743,30.2696240512,42.7493464177,25.6306355825,35.5361923811,22.2422091907,42.4241505495,19.6195835137,24.1214053779,23.2271387314,20.3058750897,28.1184444717,13.0394716633,4.72216283774,4.47239596821,24.0925625824,20.7925089272,23.446980226,11.190730909,38.7649205327,20.2608811838,54.9897964566,35.5499672186,39.3071618226,52.6425274827,34.7126298062,32.1008901194,32.7448125579,11.5411721469,26.4174683003,12.2612230382,9.10239570431,7.01716464104,9.27102659988,3.60360879606,3.34973185254,0.10431265767,2.30089946114,5.35769899717,0.0,romantic,MrJkai
174.394307658,-18.1356586108,37.0408217332,15.3873073153,45.5247202365,10.0230649912,26.5029855728,47.7787605337,27.724125796,50.0202987983,54.9341110187,39.9360266846,54.3490151178,41.5981619296,63.8457169727,54.850181598,25.151741914,35.8505084127,61.6505791506,13.4877221795,25.5105500218,27.4410215028,50.0567851875,50.5945607919,44.6402427715,32.3492735277,55.3226221009,32.0281504753,43.3508016529,24.7260381877,40.306465451,17.9107323206,27.5929316923,17.4572082712,14.4933907349,16.8896469233,14.7187525587,3.92587563401,2.83473828068,21.7680423524,16.6011310418,26.3539072139,9.0498150509,39.4902654065,28.4629269084,63.7702435965,42.4375120649,44.67879245,45.3808623597,30.7128535458,24.8226925345,32.8711081363,9.96135874416,17.1647836845,10.837601301,12.17507899,3.0083889243,6.57865041751,3.08408685834,1.7793046867,0.0495964212779,1.82813355227,5.47655895461,0.0,romantic,EmileGaboria
185.176770897,43.4756249916,31.275631855,8.59610074324,20.6977556545,9.8813231579,12.9209163174,21.0291082666,30.8179765345,31.3675977049,45.3586553732,32.5368821514,55.0565226516,52.2783198294,47.4070590917,34.4879943503,10.1216706854,40.6186828386,55.2201331766,16.8162432783,14.8340678796,40.3141300507,19.815740774,56.9416295186,41.3911217922,27.1369160458,63.8476948794,48.9730105611,42.6734360662,32.4459638288,65.088592088,27.4369579506,49.2760294721,27.4386500466,14.510726964,16.3605487382,13.7820798573,4.30341999814,3.30257365391,21.9900777294,21.2348678979,21.0376948563,8.00374429649,46.7075642992,19.7525080447,69.6766826831,51.5100619406,41.453527791,49.9352494368,33.9294040847,29.0420269017,33.7744255547,10.9811588877,28.2968624792,15.1905909027,8.53304303959,1.25573663573,1.88847124621,3.96085091558,1.22038765255,0.216927615158,2.61790316963,6.49398604436,4.039408867,romantic,MrsMolesw
93.044385678,9.32285276878,36.6428953339,10.7252109926,33.5242654472,8.07137012222,20.1636586164,32.6336253483,28.4021464347,29.5912191089,49.0928341114,38.0199670516,45.0331586837,44.5717546766,35.19195719,17.031009245,22.4865265274,16.4553289035,40.7739023609,6.48905146401,15.8682542455,7.30022971442,25.4383469211,41.6420128245,22.007930469,34.7440814707,34.5964719352,35.9728801774,32.2743687004,28.1762040342,22.1778333714,9.64288681068,12.4301469395,9.44057722995,13.6249631677,13.0928744316,13.3315579536,3.56316872951,4.30436689961,18.8967956438,18.4161800027,17.4767061194,8.18310674572,35.7679604229,15.7432502194,20.313104143,44.3135958422,47.1537550605,30.4281852245,20.28731783,18.8565382546,18.7740523606,10.60492466,32.4892268552,4.77368269631,9.61131373207,6.73320332582,6.4067707637,4.9427253131,3.59263851726,1.72659199208,1.34257939901,5.68246610439,0.0,renaissance,BenJonson
167.89777238,17.2200133144,37.9457425953,11.2894282817,28.9389572963,10.2886698405,20.6779661017,29.2023398033,32.1287128713,37.2219064631,52.7620434092,38.7179822269,52.3497881464,46.5437115259,49.7563373659,39.3997175141,13.56115407,39.4119055219,55.523560517,18.0748192101,23.3122386711,38.4394234269,30.2181133614,49.5166731369,34.5910333969,32.7311202222,55.7757531677,38.4760311183,41.133755229,26.6224084693,42.1367425601,20.5386428125,22.2314377555,22.251335538,20.0640530946,22.4143888717,15.7122842769,3.28207995527,6.14396376566,22.7976840935,19.5349916056,25.4261039596,8.90825364503,46.7359458459,21.6922203294,58.6823229188,49.9133013504,43.988401783,51.7465672013,35.9293108272,30.1677908261,34.7441132361,12.0929070195,26.9413795229,16.3213830239,12.1809202666,2.15610012169,3.31481178842,3.17819583252,1.17552045944,0.221238938053,1.99024730059,5.46143194592,1.82266009852,romantic,EvelynRaymond
164.029716398,-4.25555467335,30.2278868803,11.7230331207,30.4153666611,8.52217730712,18.9299814898,32.2620745381,25.9247455846,38.8356609289,47.6689205448,28.9247018011,42.5846602221,34.770366012,46.1268522441,34.500192604,17.2218568826,30.7082958535,53.6377523769,9.19626451797,17.1205785964,28.6692817001,39.5850297645,45.5080314125,32.131960192,30.3350927607,34.6730328203,28.9856933453,38.3307493036,27.4212014276,50.9141024805,24.9496115388,26.747814668,27.7630027058,21.0540347135,28.6009432025,16.3871408474,4.62551147483,3.89203583413,20.4949942282,17.0126197916,21.3788940406,9.1625968011,38.3136457387,15.1844251716,63.1718592923,38.3162522044,30.6534422863,57.4188379682,40.2425118479,34.6162757494,35.2189753782,10.5238047509,29.1791115868,11.0992309377,8.25744098983,3.93580029458,5.79664928415,3.11284508815,3.43274815636,0.232997091404,2.72062315949,3.22628418254,1.47783251232,enlightment,IvanTurgenev
161.262571537,18.5692495616,45.9727178216,11.3578202141,31.72603507,11.4726598536,18.4673249549,32.8002064224,40.762315796,35.8692365412,57.8042569504,45.1288371758,60.0885554466,61.7670872099,42.9985686847,31.2737434249,18.9627934848,23.7086850766,56.7211191702,14.6783506077,26.6416232499,34.5047464875,25.2393929658,53.8157639029,41.1695619001,35.266879191,65.0515399958,32.0232262938,41.8115623085,29.4356433385,35.6972743908,14.9538057403,26.1562103587,15.2960990886,14.1532856816,11.7578675775,11.747151324,7.69186276305,5.27415135981,25.3960604292,26.3933112528,22.5579160884,8.7932835802,54.4371317435,26.0591063072,70.1520834176,42.6516765106,46.8821957222,43.8483256702,32.9127367213,23.9835909675,30.9154621476,10.9366485445,24.1107240253,11.6286266673,13.0608380859,5.46347957521,5.12648562138,3.28846452729,1.6238829616,0.166662754395,1.60943561657,6.05618018554,0.0,enlightment,JacquesCasanova
120.814226413,26.2008943532,41.0757431251,12.6753941182,38.9171251419,9.36774456934,22.6113563031,33.7881262582,33.8604386754,36.2702987983,52.3100847009,41.4266422722,62.290571239,60.0914864109,51.5991963408,34.1048728813,29.8885840193,21.4099904245,52.0898354877,10.6105136288,19.6349870042,10.508852708,19.2088444429,56.9135620674,36.6998149222,47.7088568531,58.0821498297,42.0546307967,46.9437591619,31.7755844729,29.0509591251,14.8410522772,18.0122227072,9.86466547953,12.4535036271,13.6906924202,10.3464306184,10.668157674,2.41407043684,24.9743422608,30.4073517717,24.613003096,8.222435168,45.793537469,25.273282226,20.3515184955,69.7454360779,58.6640411996,34.2302946603,22.6811526625,19.4771270064,24.3722427175,13.2590959206,35.0274301917,3.40607434698,10.1619626689,4.18382686297,6.47327994771,6.26232934875,1.10193826274,0.763444520081,3.3096482062,10.1865276533,0.0,renaissance,Moliere
135.340324001,23.3679147767,41.2285152986,12.0227196055,35.2334025245,10.7877386229,24.796658669,36.6272121922,32.5448131858,37.9934169436,48.9437838498,43.8958475746,62.1570714072,58.4056883286,53.5068018375,38.0839852238,20.1597687255,33.967811633,51.4333815421,17.2278166854,28.0657527578,30.2327251394,21.6774999285,57.7903910255,35.925909399,45.7455430872,67.8797640747,41.8294513518,45.3320571952,33.0932951037,24.1120680145,11.5454905312,16.5589599099,8.46095141185,10.5987391217,10.5626531356,12.0515922974,7.48693576482,1.84509234416,21.4074372296,20.5653849552,23.5767287951,8.0897894038,40.8816314576,23.0261433626,34.3720433416,54.9415370105,63.5331950691,36.4727400651,22.3981161988,21.5164546279,24.9881898417,11.0160857151,15.5254410879,5.82582124314,7.51237186465,6.1776706674,4.13508156603,6.13364687439,0.5384063173,0.937058176677,4.21777456261,8.70796548894,0.0,renaissance,SamuelRichardson
150.994442047,2.92150145644,44.1355375404,11.3023350762,34.7908479609,9.19338377154,23.6175499759,35.3048201466,29.2259225923,38.1942189022,45.7576760191,39.0540599408,53.2540371297,49.7593615416,47.2722609327,27.5847457627,26.7190488069,22.7976380466,69.5999412456,36.0142777675,15.0197762459,54.8674862739,51.5621665048,52.8559189301,32.6576613906,42.3171538156,48.7953144738,30.5330522839,40.4630126212,32.2661005735,26.7116349947,10.2048766412,25.0303583476,6.21622996693,12.5391649946,10.6640676915,17.4125963192,5.34106793402,2.32179139858,26.7069905357,19.2206415127,28.1823366466,12.6580290538,48.3394150934,22.4850936968,60.3760029427,42.3684329854,28.1044705068,37.1784828898,23.6456681899,19.4125778324,29.774929118,12.9859610437,17.3167724835,5.4565207123,10.2118790325,5.94931876208,9.80497902706,4.89646613103,2.09978463747,0.0,1.86206896552,9.92750671988,0.0,renaissance,ElizabethCharlotteDuchessedOrleans
146.833555664,3.08102996589,33.0942036116,10.9318918865,31.301903348,9.32812082092,17.2582180519,35.8447872635,23.3831653842,33.7406625528,43.1123799441,33.8973522847,43.9236630211,38.5720194791,43.4348492528,31.6518697875,18.4683668096,26.878619306,53.0533266186,11.5032272876,20.7997675282,16.4102285904,31.4949664171,47.2112631883,34.802511375,32.1239107114,50.4107856058,30.7375581812,38.9713781755,26.1141218728,35.9193856819,15.318227517,22.8246018833,18.5601628085,13.7040732329,15.4765596488,12.2563780655,2.90546747074,3.66667069808,27.3661249678,27.4571125614,23.26637026,12.2255590064,42.3980518222,20.8265731051,62.5166267624,40.7747083162,54.1283099123,50.4067933108,35.4272969096,28.3132142438,34.7545181249,9.15566755919,19.8592239707,7.4970028633,8.15490256321,4.30797339814,6.10303063318,4.45614002345,2.12969609954,0.412493111608,2.06266275232,7.59492197955,0.0,enlightment,FrederickMarrya
141.485004668,16.4975211044,33.453977803,11.808349298,34.3080550573,9.02356636312,22.3907976458,36.46651142,27.7225900728,37.5202987983,40.4823471923,34.9317088209,44.7623011868,38.2509774709,45.7980526719,31.2228378965,22.0056155701,24.6531955118,54.1428184037,12.3857136744,16.9858393386,14.2026720609,28.2909088226,51.798863778,40.2179710293,40.427768678,52.5493302395,32.0389680293,40.4970338039,29.7970038343,39.7959359572,20.5185546911,21.6537896803,18.4451010704,15.7464352286,16.1339789878,15.8205928314,4.58377239199,4.12992654146,23.6166228919,23.0650281061,21.4985397526,9.86138561152,40.9259733867,20.8972174901,45.0238831679,70.3862163937,51.698619466,48.0437684549,31.1609122017,27.2504036104,33.7204651308,11.2563819863,34.8327872584,11.4685182561,8.68001446022,9.94058555442,6.34761000834,3.45221764975,4.15539234635,0.593810546159,1.37073654315,4.46425774275,0.473664266768,romantic,gustStrindberg
168.358758404,21.9782260637,34.5592910507,9.58349247325,23.9730154572,10.3909948706,16.5289470756,26.4318000532,33.4051826235,34.6670997077,49.9437533086,32.5200383342,53.3898276244,49.3279641841,48.210148335,34.2743644068,10.7441589756,43.852537504,47.2475323149,18.2199147042,15.3723584586,40.8493536495,12.3033202633,47.5289487423,32.7178807215,31.5853282194,45.631053095,37.7628319354,43.6254424542,24.6090648434,54.4534331302,26.5687971913,28.566212945,27.183922666,18.6905772496,19.190182962,16.3236324269,4.61699748393,5.7234168642,20.8919818766,20.762348679,18.3685025257,8.11968883298,41.6156327675,19.0005678592,60.2278318045,40.9325546174,36.8554983339,51.721040537,35.0048960179,30.2259838195,34.2016880316,9.3592061742,28.7271158232,17.0464314392,8.22876563205,3.38781645947,3.79528245356,3.33333333334,1.48600143575,0.274336283186,2.33855799373,5.10873992018,0.0,romantic,SusanCoolidge
131.816080978,-41.3643173925,49.90774803,15.7672205049,49.3004353955,11.3193889847,26.2574109494,58.3331072392,36.0733065788,49.2553240848,50.3875822431,46.5085380728,53.5107166558,45.4553986368,53.6946339259,40.4446630347,27.4085688154,27.1966622589,47.3995299647,14.6201425128,23.0817041474,17.7405646837,34.7010598189,38.9030936667,26.6433050389,29.6027232477,37.1230059991,27.5735271292,38.1641919881,17.5434022308,23.9611611945,11.9264038035,12.0931669624,12.2280771887,13.1180682645,15.0062337432,13.6570809945,3.9089021127,2.63503217067,25.9560828607,19.9450258145,27.3423496822,12.9575125652,37.3246299948,24.3418917823,51.319631239,22.6276090891,31.1692807993,45.8074252918,27.8829885027,28.4436878542,29.0233062212,14.2113718696,18.1924252164,8.73533202427,8.60848654041,8.68207647182,10.6389932996,2.40241501264,2.00492257204,0.0751239910532,1.80176145693,3.66306333562,0.0,enlightment,JohnSCAbb
169.29610242,25.9971353597,34.7698848639,8.65535688068,21.3806331001,9.28780481619,16.8836306544,22.8478297875,32.6553708002,30.9825821274,48.5169990001,33.3694733242,50.1188308631,45.848191314,45.8779216955,30.6301004394,11.3189767468,44.0900923266,50.9565217391,14.5018233512,20.6890923017,31.845253269,24.0426980454,43.5012273622,28.3659035406,26.0751647914,46.8800730448,34.5087992943,38.7504419576,23.8048734663,62.8325730715,30.4193362795,41.6656745638,24.9816746281,18.5343817347,22.7580967757,15.6492861708,3.37443957796,4.20970199797,19.8328726277,18.563436194,18.405814157,8.29655459163,39.5623874972,13.5699939008,56.9639966656,46.1881245153,37.2808304041,45.18873632,32.4713924033,27.0901743413,28.3952914808,10.4176296841,29.430780716,11.5594882587,8.11721101661,3.64926476502,4.33662403483,3.45282247431,1.69431815161,0.228550538285,2.47300592128,5.14180385484,5.61941251596,romantic,LauraERichards
88.8945267513,23.8853590556,54.633501665,11.7803879535,32.4906121736,8.40466252038,18.7330786634,22.7149080645,32.065433264,31.732642966,40.5408844729,46.6737370488,51.6033985583,53.2623851975,36.680598075,15.5340069535,12.7444020185,23.265977559,37.7033806381,8.85549644125,27.970131349,17.3497741637,16.2917684735,52.1722497794,26.8345753305,44.8210961106,35.827844016,62.0656799848,36.8776420048,32.6202029113,25.8868977025,15.9495244331,9.9234707116,10.6228597147,9.68142638346,8.72689973386,9.31816066504,5.23537128234,3.11938315663,28.7430583514,25.0966891198,52.8725511086,10.9650692151,39.2015198298,15.0646485825,30.7119323879,37.5529745632,29.7695337077,41.568886292,20.9454515456,28.4768284225,23.605832913,40.3037344867,24.5686323785,8.96545710207,26.593943454,2.21964439436,3.19098562275,6.44140952783,3.53553481694,0.0392731842698,8.2469254883,5.56951397548,0.0,enlightment,MaryRussellMitford
96.9183054588,-12.4912199234,50.2120988277,14.231716472,43.2721005614,9.47984195357,25.3118107385,43.7513266407,29.1963561681,40.0550216839,43.3656151714,51.2225433823,52.4189746346,49.1891172392,44.2294200628,23.9977982718,24.8543717812,20.0413998986,34.4128015484,3.3695640318,13.6705377145,4.9377476343,25.5165053899,50.3930571841,37.0917605461,41.0312465152,36.8264612433,40.1309717681,42.3298483826,28.2162225278,23.8940269546,10.4712841709,13.1258710079,12.212429108,10.3914910616,7.75080067025,15.3758554941,5.28457958526,2.12309017749,24.6690582063,21.4881048293,31.8799183353,10.9983359697,35.6895098195,21.0087016067,33.6668248926,36.147394106,25.6385256314,40.1925603441,18.1646378592,26.4794999563,24.8871651256,20.2301921871,18.8207737018,4.90543390376,9.40586095575,10.9677410299,5.45360160734,3.29025986252,1.71973311938,0.132943579065,2.8717192206,4.58437345778,0.0,romantic,JohnMorley
173.997894507,-15.0485844554,38.8766058294,14.7918290492,39.0501821992,10.0974783491,24.8671861215,44.173800143,26.6818547884,47.5611916502,53.7176957505,38.8875028381,52.5323684546,40.1777821034,61.274610768,55.1874678993,19.4242247872,41.2091711884,55.8747818965,15.1359225483,25.0934020965,34.2898295146,31.9731724962,42.4123363729,43.1202720836,33.7013836286,40.8540482728,33.1286703359,32.1922431437,18.0413308203,48.6457891935,24.4756029491,29.004878741,21.6031081612,16.6619310874,17.7539806876,20.3728683382,2.788014334,3.06743783928,24.6423321422,21.8569676619,30.152552081,9.51948262243,41.7046876828,29.5809457436,58.0053587813,42.3273701217,36.2873115978,55.1103411205,33.0801251346,34.128725467,35.3638410399,13.9346719677,20.8730963708,14.1382651798,7.99144566768,4.81078411595,6.25093887065,2.69300886585,1.32208662359,0.0403284031603,2.09429720401,4.42413875663,0.0,romantic,WilkieCollins
67.9668159241,25.4383576729,44.8339448771,9.39913164492,22.2458737228,7.89441338698,12.1938706128,26.4004950558,19.3999992104,26.0672093212,32.8908042174,47.3539052971,32.9037413287,32.9241587387,25.660275866,18.2813971281,8.60148000332,14.5597270986,23.6531776342,1.70089313307,13.8471390364,1.1626266462,9.86701160313,56.3647072998,39.9465254183,46.5399932401,35.9084906022,55.4079381981,48.0602035587,32.4915913101,19.2311499044,11.0981860883,9.6739949998,6.80573221402,12.3548194166,13.7143933017,14.1392833641,1.72747181064,2.24471582571,21.8736753087,17.5545271126,34.4097957743,9.00530478973,31.3642533538,17.6299569373,22.5090236108,46.4592383336,30.9366930656,39.9419424037,16.1621048214,27.995735805,22.8562983722,26.006431459,15.2717849144,2.41958339238,11.2124852862,7.89279550137,3.22719761762,3.64994992053,0.828547499401,0.285199682323,4.22791129688,3.69797181722,0.0,romantic,ThomasHenryHuxley
135.929896053,-14.8950946286,29.7188736462,12.3243501349,34.6990107495,8.74208141748,18.8564173644,43.1244429408,21.3443070133,37.6806120985,45.9416203972,28.8855930658,41.5431299246,32.5102687385,47.7031988301,36.1499802917,22.7018278641,26.1750384133,37.9386221408,4.67843759568,17.3003387586,8.12137576569,26.3731811222,46.6885814237,30.1264323291,31.1289368434,42.349653562,37.3482772667,30.6103019373,27.9907366564,41.1655111026,23.5088060718,18.0712228337,17.8709482764,16.2457779517,22.6367372422,8.90690417621,5.5015571058,4.06642043172,20.9752333599,17.5817508543,22.2589061393,8.83918400294,36.4789991723,24.8057063244,53.8368056391,35.0046957902,34.3677190341,51.6156708157,31.0433018354,33.1891221338,30.6503781689,8.33575207473,19.5784337196,5.08736720811,6.41033794811,2.34295014614,6.40437523991,3.66800498871,3.61024391058,0.716829990342,1.39389079245,5.00993538684,0.263489517699,enlightment,MayneReid
86.3332848361,19.4150935136,43.5789222699,9.60559018481,25.7790336465,8.24063596163,16.7238702773,28.26191471,28.4878487849,33.7465782026,42.436096196,40.9721081324,41.5683243025,42.5698922115,30.2190520974,16.6253026634,12.8940835501,17.1604122019,27.9331878462,2.86469232603,9.67211791486,3.69401930801,12.8802851764,52.6444855395,33.9805924856,37.3047152997,33.879941595,45.1047105791,50.2122247591,31.6798790094,33.0264943912,22.0927372536,9.14344673542,14.4286077697,11.950697859,11.3579434343,11.445492672,4.32525260594,3.69890184316,21.9502985719,18.0333000922,32.3321073582,9.56991608606,33.7827036257,15.4583434737,20.5879223198,43.0014937768,34.1368416497,42.3561992519,17.0887011897,30.3612972956,23.1286604123,17.4097338163,23.3756307183,5.77501568858,8.06027893992,8.86471709111,4.47661071292,3.71126228269,1.04194441596,0.208596713021,4.10309996517,4.38450528864,0.0562983814215,enlightment,JohnRuskin
160.254036454,-4.71610260348,30.3701882318,11.4557267315,35.9701117806,9.26872008112,15.1341653377,38.9780453527,19.9204130939,29.3467339234,47.1454804129,34.6043790295,40.7404453179,33.3009927249,44.3343094088,31.4199329096,30.3099276627,20.0436881583,57.0273575206,6.81989384387,26.2564979094,3.72393237449,49.5030546662,48.8562736777,38.9676735449,32.5643102764,59.3583719328,36.1393911078,33.7134416676,25.0000689237,47.1318685013,21.4717693455,34.2015060122,17.9241923175,12.7458664532,17.9869202144,8.37976819716,6.11982806821,2.82273852862,27.5638567768,22.0402657506,27.9803853674,11.1589823188,55.0924824158,27.5238678308,71.1436277215,44.4563536688,46.534329424,56.4605525306,43.7312027884,34.3837358915,32.3031724485,12.0717567071,22.6472446527,8.9140215389,9.82230571118,0.816650361497,6.00350002724,4.02173558038,8.00991564967,0.366958815521,1.30006966214,4.80522521789,3.04802955665,romantic,HarryCastlemon
91.5884945861,-7.3488533684,50.6989301696,11.590672626,33.0939735315,9.64353848024,20.8454009366,36.5867049728,34.4142308968,32.7279370516,44.5329419125,46.4259690475,47.6830688837,46.6773135378,38.0082619898,18.6970338983,20.2589627883,20.2753677857,25.7853327636,3.78689547056,10.3350147423,4.14636707417,12.5637830879,40.4420167188,28.3013276881,33.4868323494,22.2179688397,34.3148333261,38.327823987,20.8906444239,29.409571694,17.0584068939,10.4585679807,12.6195046368,16.8830417152,16.1423744377,14.6746713135,6.35499529825,5.72992026599,23.5714248367,21.3795416389,27.506036411,11.1693082227,32.5655411805,17.281632337,26.4829131372,40.5744074095,19.5072724912,50.3435114111,19.7059421973,35.6928433221,27.7527046621,16.2159633824,23.7799308502,9.26310003821,12.3970233627,8.18027804832,6.69251759299,3.40174229063,1.39006721921,0.077975122223,1.96257243279,6.18303257384,0.0,enlightment,MaturinMBall
149.959575623,2.35307705019,40.3874251576,13.6250148165,36.2992315081,9.20533486097,21.4024774691,38.483021233,27.5086456014,42.4820355635,48.7761381683,39.3327997038,54.4124678816,47.7508576851,52.6943957594,36.0368114407,16.8734929741,37.6101180977,47.6027761457,6.84741794919,23.7091761781,11.8078432303,30.6479849395,50.616725345,36.4098367449,32.3658687122,47.0234084906,40.7821395976,45.0440666452,27.2149316277,47.9586097168,17.7446135719,40.0167665384,18.0520223862,14.7939979163,14.9982279715,16.5391963319,3.950936539,3.48025313241,23.3132672559,19.8155982151,27.7573529412,9.75188490281,41.2351261304,22.2748083475,51.0453307125,42.3479372795,35.1542822521,46.3365557681,27.7553506481,28.6579356606,29.7031987214,14.4560823227,22.7346976515,8.71120872892,11.2216233439,4.3062349376,3.6977719671,3.69872297341,1.15308686289,0.0997277059225,2.37443399512,6.54129673373,0.209359605911,enlightment,CharlesJamesLeve
105.618048725,-13.6583682297,38.248313287,13.4670766988,42.7004191774,8.43918113637,24.4835515336,45.3453995265,28.9136150457,41.9176951391,44.2909608258,37.7218011268,51.3810188258,46.1394032296,48.5715099959,27.7674788136,28.1456999529,26.1291094797,44.3789169604,7.45642499536,13.5740384977,8.35429819148,28.6649000164,43.4665644815,24.7433312155,35.8701083043,42.7420280978,29.0169064279,36.7701741214,27.1204602264,20.9300675272,9.82341813752,11.2418482215,10.237005003,12.2073879714,11.8733294939,15.1398883441,6.70021433231,2.31138531437,21.594092223,21.0424582486,25.075023084,9.32364208253,32.8102138312,22.1376348666,25.4000275881,40.0707676216,43.7648764444,32.9189731225,19.1185613479,18.7166377656,24.5290041489,10.782800441,17.5085783558,4.18969344859,7.56002796732,11.7005496035,11.2572860489,5.35469331765,4.57794927016,1.52881778988,2.29246487867,5.94539925606,0.0,renaissance,JohnDryden
151.76099498,-29.7451081938,42.717618576,16.2123370315,50.6662165884,10.5464375421,27.8491322867,53.4623711837,32.2612119511,51.0307105204,56.1135826852,42.5924343561,55.4441202611,42.4632266928,65.1113580986,45.3070675793,31.9790087687,38.5852218321,51.5604492452,18.4703461752,29.187131097,21.0213324278,27.6324272871,38.1992363402,31.483193197,29.1317794756,36.7652731604,26.0814330179,30.6317158833,20.1515472838,39.66397868,17.6476735884,25.7701007671,17.5502416688,18.2530542463,23.9528844876,15.2976648264,5.3600997828,3.27795722733,27.0204578625,26.1301071907,24.8922049109,12.3350374114,36.5182229057,23.5535971694,38.3495059783,39.7034540636,46.3432659434,45.1578795671,28.1399077468,27.2759422599,28.9388456949,10.703587482,18.5527195482,10.8422987904,10.7043435814,8.76266709739,10.8847599532,2.86545872966,2.71273952178,0.0623134523747,1.60678402058,4.72114836373,0.0,enlightment,EugneSue
159.229783571,15.6514958415,42.9316316542,11.7641758124,31.6407668372,9.99403571845,25.8658551582,34.2783974027,33.5641320365,38.7283978052,48.8423281603,45.2854889445,48.5937775676,44.5574933953,44.2757280068,28.6509440975,12.1621089391,31.7351789944,56.3657616427,22.1180965579,17.1003562698,38.3725607273,27.681672255,49.053489737,33.1558157015,27.7116876306,53.8208918537,34.8699936638,37.36524084,30.1780697885,47.960738616,18.4552240506,38.2824297539,19.4971147023,14.9257520248,15.9384639777,16.3636180817,2.77209658196,3.27944819719,25.0562277322,20.8935788265,20.4098522336,12.8809776733,37.502052768,20.7395618518,57.3441846564,43.513996887,43.5375017368,42.5290194889,27.8109768967,24.9788803963,28.7374447679,9.81102148977,22.8940717694,10.5829970988,9.51918468076,18.58450201,6.86357993366,4.379776602,1.62088638682,0.546021281932,2.00260316413,7.56570909231,0.0,romantic,EmilySarahHol
92.3767857039,15.0030902956,37.3686796434,8.36044199186,18.5362929796,8.32852955209,21.8926272704,29.3438813248,27.4247520446,20.4013995099,31.291809038,43.6802024426,31.6391233794,29.6289005041,28.2668086413,21.6551104263,13.3804999358,11.9867684183,47.8095288965,12.2772786272,10.5014434091,10.2386182037,23.8829170877,39.6909619075,22.1729183774,38.5506967573,28.6560432639,28.1087637644,32.5561742059,25.6753017604,23.5329948825,9.98172461886,19.4383615512,6.27090030295,10.7783538425,9.60318642949,11.1958919257,11.3464813073,2.27118800603,21.0437613612,23.0080249343,15.0162205401,9.51304988558,29.5799499036,13.2640287027,31.978589955,37.9995003863,56.6199931544,33.9388347986,25.7388536112,18.0264760448,25.7716907883,12.0757742808,28.3155788919,4.19999914119,7.06263441574,36.7551773431,5.84765781693,4.21677088344,2.25478039548,2.45528807476,2.38307843323,1.65868179226,0.0,renaissance,chbishopWake
126.571783485,-3.98633927615,53.2119297409,11.6961651675,35.7332329054,10.5264652431,19.2073396877,37.7796558666,35.2527357999,34.988277444,56.5854122552,45.9065712668,52.131510882,50.3611705881,42.6203885778,23.2730843926,19.1319531055,25.7829955314,55.4633519389,15.648178194,20.7396315968,32.7834013702,35.1660581316,43.5995669402,30.4183586089,34.3737600846,36.4511158749,33.453621409,40.4791912475,23.5059412219,26.4776241484,14.3828451883,15.3101313544,8.26507250063,9.32556142923,9.15529615027,10.844265427,4.81898238747,1.77004846766,29.5621169712,21.965295573,30.3405572755,15.1385727975,46.4874530647,21.2153073538,46.5820200244,32.4201710394,31.6173129355,40.6129017195,24.7862363611,23.5221108691,28.6553492649,15.8332414554,17.297972015,7.60415190591,12.1325969785,10.2127526307,7.9005965027,2.90311254817,0.77844580043,0.0276548672566,2.25400557297,5.03176671825,0.0,renaissance,MadameLaMarquiseDeMontespan
169.366330089,-12.7066639022,32.3207557167,13.2740815215,34.8241811294,8.83801667699,22.3140865995,37.4569188243,25.769880861,41.8417980599,48.8050231229,30.1209532921,45.6345831363,35.3307958188,52.9162489343,44.6657472551,22.2687632073,32.4193460966,54.4893798639,14.1853170952,23.5014296467,29.6254567264,37.293432346,43.8686506937,34.2866584005,29.2927377248,41.0481185163,33.7096148595,35.9921395453,22.7150835199,48.6226634961,25.6810392467,21.2362425284,26.6549872086,23.7747060896,28.6977512791,18.0196309082,4.61887003444,6.54898440345,23.3012471425,21.286018196,21.1468635957,9.85598663263,40.161069352,17.7829652963,62.2219662948,33.2451026676,36.9012575622,57.1384954229,39.590573252,33.4186762261,36.5797810057,10.544902332,24.7295070242,14.2321776941,9.92215471969,3.42061888809,9.17001483163,2.37589924289,2.2738354847,0.0274220686644,2.03334581994,3.30392312055,0.0,romantic,GuydeMaupassan
143.533466373,2.77495218116,32.6911460817,10.9360718566,29.9423631124,9.1785025252,18.0847828506,35.510692445,22.1538206452,33.1178954206,42.0209105347,31.7956089911,43.8850034884,38.2250176403,44.0324028556,29.1949152542,18.8800199551,27.8215767635,50.3878378378,8.37150009271,19.0145779184,13.1423553425,30.4560116071,46.4389365604,32.8280986713,33.2795485606,47.4953106458,31.6600026077,39.1365440309,25.8275253639,37.0831839369,15.8784206223,23.4731536966,19.3055202239,14.7904769255,14.714038896,12.3473221677,2.18618954431,5.16487470369,28.6270713113,26.8299902801,24.969854978,13.2515488478,44.2249722354,20.5806360023,61.1005356691,40.6264793637,53.8845371533,50.9943513057,36.1274829805,29.3090276278,33.7611796517,9.94340316059,21.4571904087,6.20660337254,7.1996389029,4.1062778878,5.82720488097,4.22496570644,3.31658291457,0.280122532335,1.99442702891,6.88115989248,0.0,enlightment,CaptainFrederickMarrya
152.457707316,-17.5383229714,36.2487961327,13.3267688932,36.7011357857,9.49324359655,22.2514077025,38.2083702931,29.0260914636,42.4982805724,47.6574907359,33.7366624643,50.3507871064,41.9227317682,53.1131736241,41.4610335659,18.7612186306,34.3440791574,48.4817861339,13.0913166305,21.3091542414,26.2568444096,35.804645251,38.2178914055,27.9140810215,27.6566280526,34.4262774972,26.3455732156,38.6057673096,18.9519707309,44.3782559636,23.2790447011,23.1398071352,20.1361725051,18.2088285229,22.057325123,15.5249465258,5.01899389893,4.22215194916,20.8846215582,17.5050288738,22.841923147,8.93710701425,36.7836044461,18.1426829676,49.6510239381,29.0330582613,23.724921656,52.9081153284,31.2287770652,33.6643072689,31.7971863564,11.1030979095,29.5245312573,15.9068870569,11.0851498818,3.12862743226,5.34369001727,2.8278252316,1.88653350787,0.186601529652,2.05954063966,4.23412502575,1.04317589105,romantic,lphonseDaude
99.1241364662,-7.16266161218,37.9613071584,13.2470301202,40.6044231945,8.11732479966,23.097485443,40.5828617009,25.1011416931,36.4416206561,45.7070539968,37.8844855376,51.9999744755,46.732463077,49.1050741675,27.370674435,27.5505113495,22.4423475902,39.9671122209,4.97264973113,13.0704034354,4.41927342922,26.1022878521,51.1028968822,30.8383746305,38.4739672883,38.6537725376,38.5455691251,38.8027816511,33.4660895456,21.9071015597,9.44825181551,12.4658716616,11.1063342661,15.4360240778,12.5003322554,21.6425205375,6.06898238747,3.2969120386,24.1935226191,25.0196054608,26.8519838683,9.0736526189,42.8992807658,25.0342490062,22.0682748236,43.9953476562,26.9522222703,34.4391916367,20.1402942274,21.4151449888,21.8912905451,16.0899669239,17.0427787709,3.33982806669,10.561625468,4.84537927414,10.684343847,4.1628290548,2.06972361809,0.288461538462,2.43521421107,6.31241345606,0.0,renaissance,MicheldeMontaigne
88.0922206849,-31.9933315733,33.6767840006,11.1084039036,31.4024005667,7.58204622259,16.872504296,39.4001932954,19.5881430248,30.7064432897,30.0769072408,33.899755087,33.14501903,26.6356845665,37.2492720994,19.3188951663,22.5215487376,20.4006631911,33.7720329025,10.5517440303,14.7380118281,5.48910091085,26.0523626616,32.5425139333,23.3371392442,29.1956286401,19.4543335588,27.3849363293,24.2997207226,19.2281159633,16.3460868093,10.6352565233,4.33879651309,9.34904887079,10.8937421756,14.8663349036,8.07382878006,4.09250458174,2.26805602589,24.0270331105,13.8918343102,28.3229681531,13.8910885891,29.6704685012,20.0470061203,41.9518715211,17.5962285483,16.1079134269,48.2339497718,19.7089330308,33.6176815643,27.4445016122,12.1973130793,14.88421788,6.45983237028,7.91374971605,9.63887364422,11.3196298112,2.44609198656,1.46765573901,0.579570380455,1.08827741012,3.67534594952,0.24630541872,romantic,GMaspe
68.8456815114,19.5341227695,29.177456103,7.05102687188,20.9068936084,6.07958174479,12.1088277484,18.9585817087,19.2506177613,19.8207943509,27.2552041531,25.8888673423,32.9490931107,32.7708310931,26.1219581816,20.4591534536,10.606243479,13.0064454352,29.3838178992,8.5096869897,18.5061916965,10.8304227526,13.7401090083,36.6797136628,18.4174202994,27.8538851748,37.342942136,37.9901833645,25.1877943207,23.1264851943,14.110156259,6.60675196212,7.63791189871,7.86420593956,8.56507874075,8.08216496157,7.2088136025,8.82970952411,2.28321663043,15.9290723737,21.1399778238,20.7314701414,4.67568380386,25.768408626,14.2699803997,18.3457220261,24.2249530977,39.3028505536,22.4132365458,12.7212985052,11.9518490952,19.8863345433,17.409206767,28.0742394808,4.61922197285,12.6689751986,5.02817548621,2.76909397312,4.14219761093,3.99173285784,0.254616921759,2.76940708531,5.51700399646,0.0,renaissance,JeandeLaFontaine
155.769065519,22.7093460028,41.9929264028,10.2843445851,26.2400663697,10.1219472045,17.7658272447,23.7634367759,38.5700412146,36.6888600195,47.3153785072,40.1213190451,57.5196964283,57.8824302294,43.7682212628,22.7048022599,12.3114658685,34.5204277051,51.437132785,19.0042647877,30.284777941,27.0071676081,25.6404906651,42.0391962624,23.1816800641,34.9675968787,42.0545113501,37.1056977704,39.7622367621,22.001102779,53.2744711366,25.7709325254,32.156037938,22.4772322564,20.8429155734,23.4714038896,16.0421575495,3.44422700587,7.3444378598,25.8516899599,22.3371918353,30.0586605833,10.3510943416,51.7034216511,16.093128904,54.3789226843,41.0252387387,43.9187259272,47.7092790274,36.0684976219,30.2435095991,25.8955215711,19.233076075,31.2285027431,11.2077842332,14.3621060457,3.88078932926,3.38562946015,4.64171402443,1.50394831299,1.24676650783,3.42459073493,4.80899242486,0.0,romantic,FrancesElizabethBarrow
139.584177537,7.78976986499,44.3333068405,11.5564540558,30.5554100079,11.0091592096,20.4020324148,39.6102860182,35.0419252452,36.8934719065,59.8947856009,43.1488499739,51.3606275631,47.6449548651,45.0014961741,37.1398305084,17.6353205288,25.5649537185,44.8662749706,7.41284999073,20.0045202848,17.3891235898,25.8228713263,52.9871755398,42.4424739648,31.4640920513,49.7266776404,48.1687600504,42.5117093926,28.2890383767,39.1912423808,20.3313615159,19.5150601215,19.9282625286,20.4985337243,18.7839454215,30.0229255556,6.62985742242,3.31929393837,22.8188365509,24.0547406557,19.7515072511,8.79326292814,42.8732349675,21.1783077797,44.4008782215,44.7257112282,33.3145799974,46.2325813061,24.1660449501,28.5077786074,30.7149503552,13.9532524807,23.8710472785,8.1706107411,6.37548787935,6.98895225369,7.96263005938,4.33111241753,4.38442211055,0.255275697753,1.03239289446,7.73397409791,0.0,enlightment,OliverWendellHolmesSrThePhysicianandPoe
167.823444116,-13.6571814638,40.4777043547,15.0374033637,43.7316765847,10.5061881339,20.2004333982,45.2666735399,29.1745903914,47.9306825036,57.0062580352,38.2291900033,50.347984413,38.0318603511,59.4710871995,49.3644067796,26.3514235826,36.9306005198,54.6554054054,18.3753410506,16.4732092408,26.7215482576,37.4310312635,52.3826416552,39.0616675941,34.5176689906,52.6140073608,33.7681528346,46.2106005118,28.5184951793,44.7622675818,23.136392055,24.4179190784,21.1992586401,14.6835655855,19.1170234984,14.5868396394,6.35109229602,1.62047675487,23.0780888111,19.6084588293,28.271433227,9.84127934776,34.7514033378,26.4500689543,59.0671277822,42.1282626974,42.0651750552,52.4387384313,31.5986331117,30.2258868459,37.11824197,12.6443009398,20.2358203961,10.3274695169,7.55136720009,3.26353357445,5.29848481311,3.59195804522,1.12039790791,0.0376835553827,3.56371597751,5.03554847043,0.175932441942,romantic,EWerne
109.181079974,-37.2032611242,48.8903759082,15.4778296703,48.1667093919,9.71863342608,25.9479437971,52.3999034476,25.0180960371,40.5837148634,42.3984073043,50.3121445983,48.6498804921,41.3376617227,49.0568127861,26.88456807,32.9446022435,22.6395910341,39.2809155579,5.85894897607,14.7245846381,6.32794193232,34.990157842,45.4911141809,27.4411714998,40.5290969173,42.2619790001,33.6797615893,35.5699878168,25.6492759604,16.2788624281,6.97771530845,9.0557442329,9.965561856,10.288180839,11.0336880725,10.6704492464,3.70752808415,2.39295558736,25.6011182361,14.4327546055,29.5501374529,14.0173844177,40.2644357213,23.8455819946,55.709119477,21.1586324533,28.1747699226,44.4323170017,21.5442837675,27.5643645402,30.5366621242,16.624786112,22.0326378519,4.63075123559,10.9532215383,9.04373710885,10.8207527995,2.83177300302,1.57392183652,0.0763814166612,1.77511114107,4.86318940654,0.0,enlightment,JohnLothropMotley
139.568784021,-75.6585990084,46.5821544005,17.6469245392,59.7810962652,10.1436545093,27.2768856087,70.1609247794,27.432532727,50.2728158493,50.0573495677,43.0758843004,56.2427893205,42.3726449143,67.3064591972,36.3182674199,51.2313960256,31.0144696244,45.8285546416,7.57586995488,19.7717256187,7.22267052736,39.5396317214,34.2869127142,25.3322652229,33.6319416891,26.8182572191,22.3386500935,26.7369826117,18.3974415527,25.4534181905,12.1614645955,13.0896728706,14.6995675401,13.800354993,17.4527089886,13.003884608,3.82909328115,2.5610960605,30.6310163617,15.816176254,37.3206235403,16.9024375636,47.4349075396,29.5348286958,66.3640404319,19.6697712522,25.1727470752,55.2349094586,36.8228729522,34.0656723049,33.3704072659,12.2688227367,17.9206476402,7.05808259726,8.24239527741,7.21627017267,17.5206551543,2.38334748623,1.57693228045,0.122986158384,1.09833971903,4.48915315902,0.0,romantic,CharlesMorris
83.4352271201,-36.0849860547,41.4480121514,15.2089890995,57.4345763106,8.79933802597,25.6665306778,62.565427128,22.1441091478,38.7761177872,36.266101994,49.1406749144,43.4635084316,36.3413546153,45.3571581242,22.8095574388,42.1994955794,17.2055537823,28.7198589894,1.37184003956,14.7331148529,0.972031033264,12.7439436271,43.9485415189,29.1879598169,42.9611015591,35.4757620998,36.3841685138,33.5533388156,24.7373180415,16.4600513924,7.00315811411,11.1874809847,8.436530145,6.31668981839,7.74642271741,6.75327432125,1.60842419159,1.03933852579,29.5030983131,25.3963064416,26.437184292,15.7519980303,31.6597034922,25.7088775317,29.0698209072,31.5957932413,39.3869101715,40.5350977484,17.9391650347,26.9547312405,25.3356541031,20.6064437094,13.0222523578,5.12713932581,7.68765101027,3.6879906464,8.6887835703,3.21684412219,2.56759990428,0.0558202859088,2.37919424126,4.86275148652,0.0,romantic,JohnAlexanderLogan
153.687520813,-28.3339078206,38.8678983815,14.3268458287,45.7541497887,9.63132699893,22.4090562851,51.0125609567,28.155325654,45.0083693507,50.6378018488,37.3120149584,47.4050716585,37.3621293425,54.0085956022,35.8091590613,29.698562849,31.1301529623,52.1009219922,11.4371906603,20.2508758052,17.0297938324,37.723640677,39.544831549,26.4593200783,30.1991664377,40.7860447174,25.3568001819,34.6919804069,21.7071018968,43.0196237968,19.9157260765,24.4896775513,23.3093947518,20.493428473,28.9048522912,13.1674986161,4.76548891422,4.32936518273,24.1507187559,20.5043807478,24.2802170943,11.394646359,37.4331311504,20.3643034989,53.2753806187,34.4602716065,38.9848564038,52.6850236893,34.4728082698,32.3646368504,32.4914507927,11.7188816329,26.5691160224,11.659999346,8.80317144555,7.19672844276,9.64293646104,3.51150906706,3.44994201778,0.118343195266,2.16542078611,5.20109523123,0.0,romantic,MorJokai
119.967210972,37.8115090624,27.7540360874,8.72338226907,25.0633132477,7.66890695776,14.7258779125,26.3891120844,21.8049537747,27.8924226147,34.196970314,28.7407682925,45.4267243128,43.6007239555,38.0353754739,31.613972186,16.9400899259,23.1677674384,47.4921811444,8.81734156813,22.188513261,13.7428448674,17.3002902706,51.3194653969,36.3504620569,32.2579770007,52.6915568067,37.5510251841,50.6558084913,26.2597977673,31.4808174973,16.2083023503,19.4143845757,13.0172396924,10.6045270519,9.47115171632,16.4108769025,1.93651749425,1.67463335851,21.321854082,23.0910271137,19.4197239944,8.27882996536,38.4843196362,17.9044904556,27.1581063946,71.6416306992,57.5003911569,43.7041919807,26.7980760264,28.0796027363,26.1527009264,11.5109264128,34.1552117364,11.6992402524,8.22088195107,4.04851537305,5.36957186736,5.87688488923,1.30598045171,0.205006021888,4.33941537389,9.49430141415,0.738916256157,romantic,HenrikIbsen
8.33312578894,51.2780515931,45.3889153818,8.34858881324,25.3209326696,3.83093323851,11.1894077069,5.50005697573,6.7885735942,15.3337122442,5.36659608259,34.5436755264,24.2397944424,27.7160028224,13.6023596802,0.0,6.56023946121,2.52154484519,23.6116333725,0.0,28.884619731,0.0,0.630718131348,52.6492282566,20.7618574073,58.6827139267,29.4300042108,77.4588204616,28.8998534091,37.6852668725,4.48413409825,3.84263934978,1.04369221001,1.1549224116,2.33446519524,0.0,4.76342100235,0.0,1.08152726041,27.9749237936,19.0642396395,72.6780185758,10.1794733585,26.4371463324,6.70073821693,7.33728762903,41.3287747014,31.1723720085,24.5582358868,10.7176163387,20.2953464118,10.6426999748,70.6784270489,25.556308944,1.242265363,39.9038844489,0.0,0.0,6.47984845515,0.0,0.0,14.5454545454,0.0,0.0,enlightment,JohnJaySmi
137.79585997,3.82910872869,40.885247323,12.9855762381,33.6957470963,10.4918174096,18.8719895615,36.4264823185,29.2217020745,40.8810416605,49.4940805621,38.6100286715,51.6546856074,48.7536746083,44.6609902729,39.3634437596,13.3585795596,25.6594028378,38.1831535093,6.55015761171,30.4739107655,9.36737192018,20.1805820353,49.675372485,37.378676129,31.5955481278,42.6259687562,41.7469053612,47.0520933891,24.431367045,43.1249796278,16.0602562925,33.5496718846,18.9366573391,14.1732380137,14.2334164307,14.1293209751,4.79197905812,4.01017455284,23.2287213308,23.4319647835,27.323833084,8.77324481564,42.5521276545,21.2979453823,48.1417736229,33.3948094584,36.2334121498,49.8939519146,27.7125210889,29.9352544744,34.3791393447,12.5405766596,29.2581239879,8.48888488112,9.08487471427,5.08547740885,3.20363299608,3.77110315382,1.21712458396,0.0662169688718,3.05246825623,5.99346894044,0.0,enlightment,CharlesJamesLever18061872
102.348222896,-6.13326787417,41.0136173369,11.7137541172,34.154751603,8.37510078961,18.5671947753,36.6963976376,25.62966823,34.0831586407,43.1687841892,40.1318464309,45.281648998,39.5234124254,44.7245938632,22.2997988358,23.1721051876,22.9860043138,34.3566036392,9.05747630205,13.730365013,5.73068224371,27.5364167231,45.2474978024,25.4410350292,27.6061768325,31.4875199957,39.4847470753,44.9587584523,28.3045608266,25.0368737573,12.8023125498,13.8961743311,12.2573483499,10.3423882286,10.2412509447,13.3713110214,2.65289179184,2.1812691767,23.8436201512,19.5106048557,26.4944129251,11.0096593896,38.9790335531,18.042219469,31.6224525411,39.842794803,34.1461527466,48.8994874085,21.6127751449,31.9369184137,31.119015086,14.7265822503,17.7376302631,5.65224299106,11.2676294313,6.74462779023,8.14023549765,4.96647842327,2.16341447497,0.427419188481,4.04758135166,6.57400756774,0.0447828034035,enlightment,ThomasCarlyle
185.311639014,-7.46133456169,37.0863545399,13.4260549076,40.0868583865,9.36267441017,25.0246063694,41.3301933376,32.4433253042,44.7138806306,55.8109703954,38.7386572306,57.1030837558,46.4576154763,62.3470531947,37.1808452846,25.0059161757,42.2481524221,60.285998373,10.8620148626,20.1587315386,33.867404727,38.2470869179,43.7197833826,29.994071562,27.5197623432,42.9394668418,26.2308728692,39.0847559249,26.6137898273,57.9651860331,24.8376857596,41.6335202557,24.373911512,21.3985717169,27.5073351758,18.1435198566,6.37190598052,4.01140300607,21.8377616836,18.9515772731,18.855366566,9.24589042815,44.0701822901,19.7740575722,63.7878651224,44.2283799254,45.8355942755,49.1175602378,37.6677738004,28.1800484285,31.3706436094,8.73886862861,22.8782497783,10.0129712996,10.7316096802,6.22539311365,8.09039519613,3.5868795128,3.60318073886,0.205791485574,1.48058837714,5.97239365668,0.359984842743,enlightment,CharlesReade
104.380955492,14.4534866683,45.7158861001,9.1974349829,24.292370865,8.53612962084,20.8398962448,21.9129426375,28.9788619034,24.0297174407,33.8091906959,53.1535261779,45.271363944,46.4915974419,32.6884808555,16.8127738383,10.8488044756,17.4022258121,41.2731780139,18.0168358832,12.0258025235,13.9771748639,32.1697202929,40.6532204989,25.06729716,31.1065915587,26.5056127722,30.4307498131,33.1509885945,25.0493099754,22.9597096099,13.1498581253,13.4326273071,7.37907475379,16.3588957732,7.90672801261,10.8876244888,3.34692165935,10.5969931996,31.9061912835,28.8521377447,21.4599967411,14.7671442057,55.0935144802,18.9449118659,40.78780005,37.6931004021,36.9918824846,45.8789955946,28.693686278,26.5775185154,31.8173338805,19.0330535742,45.3752357135,23.5544579175,20.1554386457,10.507727871,4.11754177075,5.23118320422,3.81462707121,0.0568900126422,3.9289446186,7.00272452387,0.0,renaissance,SamuelPepys
173.006066935,2.61911429686,40.5917720295,13.1570104789,34.8497829766,10.9469701216,22.0226717093,38.2632566095,36.1678699876,45.2394380415,56.5526948335,40.5938740623,56.5114453368,49.1738143165,55.4941938048,45.2631126889,14.716437565,35.03269468,54.1697049576,16.9344896537,21.5147229951,30.9534103335,32.1102353478,50.5972820654,39.0628301294,35.2418944536,48.0551983289,37.4045173863,40.3006997129,27.9758044326,49.5235263051,21.5092527241,29.7595464428,25.7361100607,20.4497482511,23.2017203045,19.7068558082,3.62904139812,4.70404581689,24.2507993701,24.7996914472,25.9057819429,8.72304298069,44.1437153479,27.5632318861,60.2986909939,42.6766823232,42.8336329578,52.9396890296,34.6010470043,31.019445643,35.4707354893,12.8928752347,22.0787637172,13.1685745544,15.0805400095,4.85601686537,4.70635695346,3.44339048043,0.634446363089,0.0679815281585,1.62670507498,7.24492514018,0.0,enlightment,TS
91.0103078804,-13.591024007,44.4387674001,14.9543840768,47.1618199284,9.3421680151,26.1702544757,49.9462800276,22.3078510859,38.884088062,35.133385011,53.2146902148,48.1160466637,43.9139986027,43.7575953735,28.9157082324,25.5294634691,19.7272126214,37.6963656203,2.64430081322,10.311092456,1.86129514226,22.2772658831,54.019165932,34.8650589763,44.4045572203,38.9418738823,41.3834958991,50.9390498664,30.5623385216,18.3251805563,7.88709799314,12.9956971082,7.40851110224,7.22251008754,6.62770313459,9.0992621974,4.12157035025,1.57209980166,27.2985837804,20.3349259647,27.1273190717,14.1175441649,36.3704358469,26.9378194208,32.0644445101,39.1797701423,34.7170616202,38.861455788,16.4367980709,26.551027083,22.5876270442,18.2051766682,12.5518443832,5.36144456366,13.7971711532,6.69545920924,4.88369559296,3.22872633278,0.807609475951,0.0371973159584,2.29636264119,5.67030102747,0.263898662913,enlightment,EdmundBurke
136.303926014,-45.2524845098,34.639495071,16.0117315111,53.8919453905,8.46851406084,27.1431926997,57.5476561271,21.3661967701,44.8595709801,42.9623887671,35.9811523494,46.3236169959,33.0664979683,58.6317030125,30.0998789346,47.3375381582,23.0123265393,43.0569637961,6.09696873372,19.5550748269,4.2802216059,26.9434152308,42.48652246,32.0154270929,35.3394507739,39.9531155723,34.250986674,32.9342520376,20.7784044363,35.8969762161,15.1363897649,21.5295769484,18.9553124735,20.2333178988,19.9410167647,20.9104720663,3.79740937471,6.08844113331,32.9871524155,33.7564220705,29.9551122388,14.1219805351,48.298995943,27.2291852573,57.7327171989,29.6507136142,28.7725632513,55.2590696338,34.9137146232,36.0713396789,31.2434415577,14.3588666631,22.4792549085,6.57683128988,9.04297889933,2.50008805928,11.8576798263,3.43479870229,4.39698492462,0.619469026549,1.77306729031,3.96521563745,0.328407224959,romantic,JohnMcElroy
119.279143266,-10.1092216305,46.125152334,11.3759564857,41.365819579,10.2490304144,16.6046063123,42.032514149,25.0926145246,32.9408898993,37.5337480148,49.6114305628,54.3653751255,53.4368232804,42.6174496644,28.552259887,24.6786397273,19.9345675072,50.5694477086,5.0064898943,15.4684145101,14.4803088559,35.2522272983,54.1939197601,35.1940554128,46.5833443548,52.8396432263,30.5776000695,42.35796775,31.5140052933,21.0005826461,9.07011975184,16.3482677884,7.03383363012,7.19902762772,7.5098569087,7.88511749347,3.53648308638,1.45910938029,29.9742464038,22.0071573739,33.8394166531,14.709362294,48.1823470306,28.1516183986,57.6704140516,30.1357613792,28.4870385597,40.8663217831,28.5799216637,23.4713385622,26.9493918926,14.7423741272,18.1877581212,7.4602049974,9.6641265964,6.95125152115,6.80067549164,3.29054804363,1.16116295764,0.0,2.26053639847,5.88335912682,0.0,renaissance,JeanFrancoisPauldeGondiCardinaldeRetz
121.065523396,-21.0772408613,42.0005651813,15.7937898124,40.3650336215,8.4295895366,21.6343384144,44.7910256897,22.0315189414,41.3670564036,44.6148755956,35.8964976477,41.0849626491,31.9096166168,47.4612063438,29.6880885122,28.9631662093,26.2958825407,41.1250685468,9.49440632919,18.4578295099,14.4638006783,34.1069822655,43.18750753,27.7559551762,35.816543961,33.8103076472,44.0970924421,33.5094807347,25.009925011,42.273365603,24.6470767406,16.3366271149,19.2805901806,15.9528219375,22.9439300639,10.8926107538,3.84586711397,2.89169206457,23.1820282927,13.3864981886,38.3357775243,11.1627504608,30.5240890581,14.8003028582,42.126276908,26.3998597344,25.7102465342,47.881871729,24.6195094656,33.7007575991,25.8103901885,30.1449957123,21.7481353634,8.47070678444,18.5929603767,3.00460521606,13.4578998021,5.24049034337,1.79109834889,0.848649875198,6.90491118077,2.98064130759,17.684729064,romantic,CharlesEgbertCraddockAKAMaryNoaillesMurfree
153.558589377,-52.2083071316,40.5285769795,17.3353286184,53.0608680464,9.21605682089,28.601849448,60.8469125486,23.5351824656,54.0702473747,56.2886006706,37.0173738166,51.8787471427,36.07549251,66.1273315379,51.5551435969,31.7847343477,35.4539046707,44.374902076,7.96673156561,20.7076129129,12.9322848267,36.4663397165,40.5685109079,31.7309374511,31.0122117886,35.9517156018,27.8516015472,32.8929648301,22.0395897662,40.5286392972,19.6191827378,19.009352223,24.4060035614,20.0509980964,31.0861796542,12.5761531767,6.08750349455,2.9673213681,22.74602779,17.9915540043,27.915376677,10.3214926611,34.0701958503,25.3868540602,53.7455648282,24.9643290075,30.7493400268,50.5901508205,25.9222776586,30.9769182192,34.4700908968,9.67830454489,16.9810351559,5.93500543196,4.79471452973,3.68993931296,8.74098890523,3.639743506,3.74042833213,0.10948491037,2.01613839545,5.60329613641,0.431034482758,enlightment,JohnRichardson
158.517728807,-21.6651544193,37.2780645919,12.6727371738,38.5151477182,9.15958175625,17.4777351894,42.3570776241,23.3959551562,39.0294703249,49.4142288305,37.8135487928,44.1228107167,35.0989180949,49.5363718987,34.1247543601,22.8211162565,33.4670200808,47.9409390487,8.26554551391,24.8635316199,17.4173771329,38.2390983723,40.812473845,29.0592501048,25.85004284,41.2330296973,30.6617259409,33.6165661672,21.7659327592,47.1918016431,24.3685688536,27.0007263919,19.788083572,17.6254219317,23.9460764014,15.1269904117,3.21133813859,2.9323532443,24.7343995417,18.2909704907,23.8028777692,12.8157767356,35.2360389693,22.3628496655,65.8013896011,30.3904238763,30.314171689,61.4148460697,38.1695785978,37.4929871393,39.2665586877,13.4841091031,28.4102816988,9.97734801297,8.88451242079,2.91542648824,5.87336663422,3.96015983778,4.14338774618,0.100038476337,2.30097072676,5.84443869944,0.192760762475,romantic,CharlesKing
177.906352917,7.72577916181,29.1736683546,11.8301778165,31.0300410444,8.96110651755,20.9885504474,32.9184053308,22.4530159783,38.5900454693,43.5803146033,32.8830931223,46.5426417644,37.0373975036,52.4082295681,44.1951674737,16.1897635083,37.0793625462,55.0258519389,12.7221795449,12.9191353341,30.9029920413,35.7471748727,49.7910240253,35.8097842601,24.1914964637,57.5893711617,37.4991462968,36.5424985826,27.7603346146,49.512914255,23.5529127248,33.8644390651,19.7274412182,15.5031089454,17.869641987,15.6676158332,3.79607811814,3.02537371196,21.2637885813,15.8158080763,18.203403245,8.96515960001,47.393531425,24.4960249858,73.1994653162,48.6458194331,42.9310227575,52.7816140096,42.1402259496,31.783900438,30.5644130908,9.22622985246,23.9901902942,16.6528337281,9.07730588186,4.74582684251,6.46191799158,3.12701212172,1.78699620552,0.0396285130799,1.45991939095,6.06011240531,0.0,enlightment,MrsHenryWood
132.408291447,-17.2068371413,44.4458518783,11.9180830118,39.6496485023,9.4045279155,19.4950024107,40.60612679,23.2449725236,38.1422032316,38.9045129698,39.6185910002,43.998119693,37.9487639602,44.4395759415,27.6030632062,19.5279371414,25.6822534312,55.8064776733,12.9835550714,16.5188156854,44.9827732156,31.6950100123,39.6057281696,28.584327781,34.28779262,38.5127569575,26.5188350211,31.9156923737,19.2517644464,26.3721596002,11.8908707257,19.3901543712,9.86740015264,10.3758296033,9.80679351438,11.210437496,1.95170533967,3.07499788351,30.5940182001,15.6433628612,43.8887587583,18.3418678006,39.3559283939,24.0408503691,58.1502747316,21.7276587737,26.1376422729,45.1596619273,26.8056980323,26.3925358075,30.9074264633,16.9220874678,21.80392036,14.7607576402,10.4528980697,4.07400558353,7.24893773493,2.26521164021,0.864815147164,0.0219111640572,1.65055729711,4.12254622465,0.0,enlightment,MadameCampan
108.975499631,-22.2667704588,40.8902185,12.5280278286,36.6286241376,9.4712795238,17.3811102251,42.5787926843,20.681048368,34.6230259419,36.6254880228,43.4617447508,42.6222412238,38.0456337137,40.7195795751,26.4587747175,24.7788829301,17.8213772742,41.5537419213,6.57579848878,18.2093315629,6.07427097673,36.4307544036,43.1373283156,31.3478909423,39.5428294317,39.1766833825,26.7391292538,34.2981291788,21.6415210079,20.0490487182,9.49846402636,14.2526737172,7.31397863139,7.67081629109,7.06513312365,8.56285423168,1.52755451496,2.35605210802,25.4554009062,16.6746515198,32.5231434333,12.4671847238,40.0163282035,24.1734987223,54.3617950663,25.080146372,34.5380999264,44.541853683,26.1531142171,24.9376338346,33.4447079333,15.8694413818,13.7075833693,5.69868570214,8.94686097761,4.44318344508,7.74329955875,2.8021711085,0.616363065326,0.0598834240981,1.72283176593,5.39754215199,0.0,enlightment,LouisAntoineFauveletdeBourrienne
89.000694972,9.5264041019,42.8611640968,10.7407358629,29.144470643,8.25810402386,18.0614793112,31.257201099,27.9870750233,32.9973882213,42.1166401976,42.1656284486,48.7768078457,47.8930955335,38.495133872,21.7999646892,17.0858623652,19.2487232684,30.9766451234,6.64905123926,13.8405469545,6.94240070042,25.8778293384,56.4231625636,26.79737208,30.9729018795,35.4585359007,53.9506280152,42.3063629971,38.2616526981,19.0362809251,8.80003687139,11.0841038666,8.26888832358,7.95020450687,5.60367105244,10.6752425227,5.13931600037,2.0397688791,20.956376518,14.9014388383,31.5758921297,8.91571783798,40.4564845665,21.5958025743,31.0678514227,39.941082403,25.2867096551,40.2625586283,12.9332587274,25.7131161535,28.8726021449,17.3563640818,25.6980829686,4.12317163415,7.66910938234,5.67598845117,6.72086942311,4.72706686698,1.6555994257,0.227762650329,4.36143039591,6.39067633244,0.0,romantic,GeorgeSaintsbury
151.854934784,-12.3143469407,34.6989857645,12.6825261465,42.1114968125,9.73883010284,17.6928671801,47.4009044369,22.531825551,37.9526068168,47.3928923299,35.9140856421,47.9215234173,39.1107109932,52.1777644785,34.860032172,30.9468048742,25.0840071639,49.708178287,8.14063240414,21.1869514446,10.0562974566,30.4999980015,46.5065821668,28.0518263768,30.0477719486,54.3889059024,37.0567253877,33.8150174201,25.1920979758,36.1596649536,16.779919257,20.3802179099,23.1733514232,13.9136215723,16.1742519332,12.3173562023,3.76401702233,3.52225373443,31.2268212309,27.4328259845,30.8231152572,13.2069448419,56.3292171277,29.2690982081,62.5905075191,46.1697012202,54.9214884379,58.5806523732,41.8775969619,34.9746609866,36.0300270878,10.2692024991,25.1309868705,9.17843591076,8.11498611959,2.99242936415,7.62265983912,4.9855840065,3.11976549413,0.336585734816,3.00021285653,7.54606626664,0.656814449918,romantic,GAHenty
152.902881747,-25.1916784143,39.6552342126,14.2811628201,44.1899500172,9.7079797488,24.0001003554,49.6957942975,25.820948968,48.1750186271,47.8223383054,39.9251637404,48.1484706803,38.0628983387,54.4501748889,36.6400797607,25.6745851246,32.1224723531,55.7726031658,11.5715088186,23.1126149183,21.4278999681,39.9385575303,43.8312700751,33.3434890489,33.3828651153,41.9705645915,29.8922033067,34.2949021291,23.9469757908,37.9084454685,16.4410534088,27.2055613785,16.1992907058,14.7481569414,18.0474590935,14.6315241374,4.26293805193,2.52372960698,24.8554156043,18.9909506261,27.0964928256,11.6915840621,40.8292969734,24.0968533921,60.3049027046,32.9150527143,39.9765540873,47.6234931877,32.0468371999,27.3035709683,32.2572190816,11.773093802,15.7091783271,10.7923713626,9.47333238582,8.40413332529,11.5900650177,2.69516585784,1.54923778557,0.136947903736,1.9863953941,4.20274161632,0.0,enlightment,lexandreDumasPere
120.192012362,-7.02682044584,43.2641869337,12.3627455793,38.1689570581,10.7101874283,30.6197381597,53.3973072926,36.5843522151,40.5186158434,41.0071466385,48.6256316432,51.4492518219,46.2692080542,48.1519335621,37.0859013867,19.4063357446,21.2561297624,49.9627176584,6.37358191595,10.3319327299,3.99245696631,36.099728898,49.5291531938,27.1451567134,47.6556331734,46.1435934199,31.7182209333,37.0605118004,32.8350443117,27.9702728251,12.6100129851,19.2991063859,9.20237737333,12.8721814534,14.5817811303,12.849310786,3.69913843495,2.82070621556,24.671224815,20.5061572694,18.7684240153,12.6232075804,38.4453771412,17.8049661865,38.2181007259,49.6379449221,56.5775030786,40.6398800489,25.817486626,23.6574461842,28.1152503038,9.0811533193,23.8639865959,5.81756347662,6.78794959123,42.0701563344,8.8655801354,4.92164442781,4.79344775827,1.50628132929,2.75418764447,4.33848956289,0.0895656068068,renaissance,JohnBunyan
159.345515994,-25.5631941567,42.1443163535,16.2782398845,48.5732860372,10.1934551572,27.5067714781,50.9310557512,32.6831555336,54.7519164643,56.5958304974,42.3325367785,56.5658677354,43.5525214571,66.0118106149,48.96309748,28.503459808,41.0763049767,50.7588737806,17.8631765457,27.2922956051,20.8671100492,28.4827534621,40.0866055851,33.5675634673,30.2250689104,38.845170193,28.3750940798,31.1685783637,20.4668431113,45.4966222177,19.5498866758,31.234232651,19.7091091164,16.2583572813,20.5631956706,14.4100460027,4.48655652738,3.00894570493,23.9937925201,22.734409955,24.4711365617,9.91375590604,38.7996141923,23.7637795985,43.5425760069,39.4506350459,44.9402057097,43.5595326589,27.3769556316,25.9885408515,28.6275538068,10.5918109005,18.1329857962,10.7503300787,9.6157695924,7.00940473066,10.2553327263,2.68065159306,1.96105242767,0.0987066031314,1.79485053048,4.30240571154,0.0,enlightment,EugeneSue
98.5338405855,-10.8754018206,42.8030784719,12.9516390312,39.9960702122,9.63415838651,25.2757482476,45.3241918943,28.31588422,35.9304969146,37.2068554791,48.2566649242,43.6845508534,37.576096742,44.6723378789,24.2549435028,27.1588924919,18.2293329078,41.608519389,11.6521416651,10.5277432478,4.85467002105,26.1673681307,52.0428106719,37.2741084501,40.5894282061,36.6921869617,32.3771133035,50.6106761057,30.4209307455,22.4455449982,9.11268215264,16.7582046907,7.99389468329,12.7299737614,12.1561157135,12.391262816,6.09169695275,3.77455130376,25.2759085651,24.3173986039,24.5197164739,12.1277275359,32.5781373949,16.8618682567,36.8269076028,43.9024368125,27.3397671701,37.609549576,15.807376667,23.8815899091,25.3615255777,15.5808893789,18.3276829193,4.11364602522,7.90749541991,24.2659094705,10.9963501661,4.02769612646,4.05061019382,0.213750850919,2.72309299895,5.33680866661,0.0,renaissance,FranoisMarieArouetAKAVoltaire
161.9587692,-23.4572475873,36.1312015401,13.8355404391,41.2362093558,10.3761849576,17.2919061924,52.6280054697,24.5192611366,38.1674921511,56.1686628728,34.4756454377,47.8128314644,37.0712588303,55.2132760512,49.3187970809,25.3318921316,26.055298436,48.9590922444,6.8261712714,24.9670395902,7.76207391233,43.4542509523,50.5339899511,37.16817215,36.3956487237,53.5761908408,38.3062062671,34.4713492319,26.7168890604,44.8959640552,24.1920357813,21.3379829888,21.9958873908,15.4730668313,23.0408009569,9.51224819037,3.19809430622,2.91485001129,24.6620506168,20.2143346293,30.195603172,9.51019145156,44.1009131454,34.6577465455,68.4584569051,35.9263197512,38.6875910619,55.4994585253,38.9945483229,33.7984504496,34.4578211037,12.2665074115,22.7244241714,5.12178609103,7.52761330749,1.81653503225,7.20206642335,4.0233686067,2.76606245513,0.628261856138,2.04487402763,5.66404659119,1.06732348112,romantic,EdwardSEllis
93.9630393545,8.32555702445,48.5317271082,9.76603142409,26.4795962923,9.33831130778,15.6251158996,28.8435555025,34.3809004961,33.7293532223,48.4052408682,39.8011413138,48.7095527373,50.515480043,33.2312474428,15.8923527038,13.3212177363,22.7104327208,30.3138744334,4.65351911207,13.4486544081,5.42871157102,22.5229067849,47.6464744209,33.8652839109,32.1757641028,28.7283783858,47.3406368937,46.0136988401,26.0158170017,29.3216654715,15.5297799397,10.1390077838,15.2287676709,13.4977289264,10.3483301796,17.4766423159,6.94017332961,3.38608436941,19.9815863156,18.456904278,28.4530016993,8.0799611374,31.5197600538,14.0256145048,26.511762716,30.0839909363,26.0279816259,46.8665756752,18.0020250196,31.294668478,29.799137687,15.8897464167,31.8445593117,5.23998461507,7.10492677543,11.1890388358,7.05102763446,3.34280488601,0.771715721464,0.286151901196,3.6522864109,3.889968466,0.0,romantic,WalterHoratioPate
127.400515921,1.18788191294,32.1453763312,11.5940961293,30.3333224172,8.06595651516,17.3299985165,32.7365917119,24.5117603866,33.0801904027,42.4865173372,30.7905612912,37.1276609322,32.657272683,36.5429829436,24.7252383474,16.1901346969,21.8400893712,30.0516671563,3.43964398294,10.657983953,6.3328705242,21.912883557,45.5739380999,26.2834590205,29.5565511617,39.5015886384,42.4691153462,34.7261700454,27.8215290031,50.1733932413,29.2252801424,16.9156018096,28.4167514627,17.5538277512,18.0813361095,12.8514455836,3.92612524462,6.43029863698,19.6521347367,9.93762149863,23.0637424637,10.0402683782,36.3431434767,18.4523175752,43.2172764789,39.7931838175,27.8497857792,62.1602576438,38.1915625291,40.1095824051,35.6469419479,12.0669790518,27.9560654626,10.9232558689,8.65886280965,2.46307475721,5.33073214578,2.91474786073,2.50134601579,0.076582709326,2.13514454894,4.31650647552,0.0,romantic,RichardJefferies
94.396481067,43.0312178468,47.5980530681,9.50145677029,25.4390688829,10.5551129226,17.316734455,26.9197655132,29.4126781099,24.7417541771,47.9339450621,46.1566571799,54.6703270732,58.9160049853,34.1614538062,18.8078703704,13.435972765,17.7944462177,46.3878770075,2.79683540392,21.7714493791,3.64559984107,17.3755250988,62.3826246562,40.2528782201,38.3307126727,54.5808929551,51.9205045369,53.8121571105,38.8825785424,17.2139556193,7.61888349177,11.4263793537,6.37101105175,9.20977602853,6.25649128507,14.3150282678,3.23206908334,2.22008221395,22.7265368549,15.2116285234,28.7344069668,8.97710611132,56.8424207168,25.1766672976,17.9873196874,60.0640062555,63.5610661512,38.3880405156,19.4493663672,22.3201019183,28.874244199,18.9936706276,15.4091927099,4.04090501157,11.7585192659,7.93094031778,3.48882957152,6.31219108585,1.09475951184,0.181529385069,4.42431982662,10.4572235345,0.0,renaissance,TheEarlofChesterfield
98.548578609,-10.8777393284,42.8122185132,12.9517048822,39.9965068553,9.63679223542,25.2805696696,45.3355870399,28.3222795964,35.9361805781,37.2233986236,48.2629813557,43.6983340991,37.5894790627,44.6838797931,24.2531779661,27.1697015049,18.2293329078,41.6087544066,11.6461153347,10.5277432478,4.8545117957,26.1708454741,52.0421413368,37.281843043,40.5836970418,36.6975462236,32.3771133035,50.6053130251,30.4182840759,22.4450968089,9.1124416871,16.7526489146,8.00152632918,12.7351828986,12.1565587206,12.4084569827,6.09169695275,3.77476295293,25.277889611,24.3147477246,24.5205312042,12.1297239025,32.5791950923,16.8710959682,36.8272524542,43.9016206118,27.3397671701,37.6112475803,15.8104075352,23.8825155665,25.3617445183,15.5829474458,18.4189114221,4.11364602522,7.90749541991,24.243718533,10.9963501661,4.02769612646,4.05061019382,0.214091218516,2.72309299895,5.33680866661,0.0,renaissance,FrancoisMarieArouetAKAVoltaire
